ID,Labels
0,2
1,6
2,2
3,6
4,8
5,2
6,9
7,2
8,8
9,8
10,2
11,8
12,6
13,2
14,2
15,2
16,6
17,3
18,9
19,6
20,3
21,8
22,2
23,8
24,2
25,2
26,1
27,3
28,3
29,8
30,2
31,0
32,6
33,2
34,8
35,9
36,6
37,3
38,6
39,2
40,8
41,8
42,2
43,8
44,1
45,3
46,2
47,8
48,2
49,2
50,2
51,8
52,6
53,8
54,2
55,6
56,8
57,2
58,8
59,8
60,6
61,2
62,2
63,6
64,8
65,8
66,2
67,6
68,6
69,8
70,8
71,8
72,2
73,8
74,2
75,2
76,2
77,6
78,8
79,1
80,2
81,2
82,2
83,8
84,8
85,8
86,3
87,6
88,6
89,2
90,8
91,2
92,6
93,8
94,2
95,8
96,3
97,2
98,6
99,2
100,2
101,2
102,3
103,2
104,8
105,8
106,6
107,8
108,8
109,8
110,8
111,3
112,2
113,2
114,6
115,3
116,9
117,8
118,8
119,8
120,8
121,3
122,6
123,2
124,3
125,3
126,8
127,3
128,8
129,2
130,8
131,6
132,3
133,2
134,6
135,6
136,2
137,8
138,2
139,2
140,3
141,6
142,6
143,8
144,2
145,3
146,6
147,3
148,3
149,2
150,8
151,8
152,2
153,8
154,8
155,2
156,3
157,8
158,3
159,6
160,2
161,2
162,6
163,2
164,2
165,8
166,2
167,8
168,1
169,6
170,2
171,3
172,3
173,8
174,8
175,8
176,2
177,8
178,2
179,6
180,2
181,8
182,2
183,3
184,6
185,8
186,8
187,8
188,3
189,3
190,8
191,6
192,8
193,9
194,8
195,8
196,2
197,6
198,8
199,6
200,2
201,8
202,8
203,8
204,8
205,2
206,3
207,6
208,2
209,6
210,2
211,6
212,8
213,8
214,3
215,8
216,8
217,8
218,3
219,2
220,6
221,8
222,2
223,6
224,6
225,6
226,8
227,2
228,8
229,8
230,8
231,2
232,8
233,3
234,6
235,8
236,3
237,8
238,3
239,6
240,8
241,3
242,3
243,2
244,8
245,2
246,2
247,8
248,8
249,0
250,2
251,2
252,2
253,3
254,2
255,3
256,2
257,2
258,6
259,6
260,8
261,2
262,2
263,2
264,2
265,8
266,2
267,6
268,2
269,6
270,3
271,2
272,8
273,9
274,8
275,6
276,2
277,2
278,1
279,6
280,8
281,2
282,0
283,8
284,6
285,8
286,8
287,8
288,3
289,8
290,9
291,2
292,8
293,8
294,2
295,6
296,2
297,8
298,0
299,8
300,8
301,6
302,2
303,8
304,6
305,6
306,6
307,8
308,8
309,8
310,2
311,9
312,4
313,8
314,2
315,3
316,2
317,3
318,6
319,8
320,2
321,2
322,6
323,2
324,2
325,6
326,8
327,6
328,8
329,6
330,3
331,6
332,0
333,8
334,6
335,9
336,8
337,8
338,3
339,2
340,2
341,6
342,2
343,8
344,2
345,3
346,2
347,8
348,2
349,2
350,6
351,2
352,6
353,3
354,6
355,2
356,8
357,7
358,6
359,3
360,2
361,3
362,8
363,8
364,2
365,8
366,6
367,8
368,2
369,2
370,2
371,2
372,3
373,2
374,2
375,8
376,3
377,8
378,2
379,8
380,3
381,2
382,8
383,2
384,8
385,3
386,2
387,8
388,6
389,1
390,8
391,2
392,2
393,6
394,2
395,8
396,2
397,6
398,2
399,2
400,8
401,6
402,6
403,6
404,3
405,8
406,2
407,8
408,8
409,8
410,2
411,8
412,9
413,4
414,6
415,8
416,2
417,8
418,6
419,8
420,2
421,2
422,8
423,2
424,3
425,3
426,6
427,2
428,2
429,6
430,1
431,2
432,8
433,9
434,3
435,3
436,8
437,3
438,2
439,8
440,8
441,8
442,6
443,3
444,3
445,3
446,6
447,3
448,2
449,2
450,2
451,3
452,2
453,6
454,2
455,8
456,6
457,2
458,8
459,8
460,6
461,3
462,2
463,9
464,2
465,8
466,8
467,6
468,8
469,6
470,3
471,2
472,3
473,8
474,8
475,8
476,8
477,8
478,2
479,2
480,6
481,6
482,8
483,8
484,6
485,6
486,8
487,3
488,2
489,8
490,8
491,8
492,8
493,4
494,8
495,3
496,2
497,8
498,6
499,8
500,8
501,8
502,2
503,3
504,6
505,2
506,2
507,2
508,2
509,8
510,3
511,3
512,2
513,2
514,2
515,3
516,8
517,6
518,6
519,3
520,6
521,8
522,2
523,8
524,2
525,6
526,3
527,8
528,2
529,6
530,3
531,9
532,8
533,8
534,6
535,2
536,2
537,3
538,3
539,8
540,6
541,6
542,2
543,2
544,2
545,6
546,2
547,2
548,6
549,6
550,2
551,2
552,2
553,8
554,8
555,3
556,8
557,8
558,2
559,3
560,6
561,2
562,6
563,6
564,2
565,8
566,6
567,6
568,8
569,8
570,3
571,2
572,6
573,6
574,3
575,6
576,2
577,6
578,2
579,6
580,8
581,8
582,8
583,6
584,8
585,1
586,3
587,2
588,8
589,2
590,6
591,8
592,2
593,6
594,2
595,8
596,8
597,2
598,8
599,8
600,2
601,8
602,2
603,2
604,2
605,6
606,2
607,8
608,6
609,3
610,8
611,2
612,2
613,2
614,8
615,8
616,2
617,3
618,8
619,6
620,2
621,2
622,3
623,8
624,2
625,2
626,6
627,2
628,8
629,3
630,2
631,8
632,8
633,8
634,2
635,2
636,2
637,2
638,9
639,3
640,9
641,2
642,6
643,8
644,6
645,2
646,2
647,8
648,6
649,8
650,2
651,2
652,6
653,6
654,2
655,2
656,6
657,6
658,8
659,8
660,6
661,2
662,4
663,8
664,2
665,2
666,2
667,8
668,3
669,8
670,2
671,2
672,3
673,2
674,6
675,8
676,2
677,3
678,6
679,2
680,6
681,3
682,8
683,3
684,2
685,2
686,3
687,6
688,2
689,6
690,6
691,2
692,8
693,8
694,6
695,2
696,8
697,6
698,8
699,2
700,8
701,6
702,2
703,8
704,8
705,2
706,1
707,8
708,2
709,7
710,2
711,3
712,3
713,2
714,3
715,6
716,2
717,2
718,8
719,8
720,3
721,2
722,6
723,6
724,2
725,8
726,8
727,2
728,6
729,6
730,2
731,3
732,8
733,2
734,2
735,6
736,6
737,8
738,2
739,8
740,6
741,6
742,8
743,3
744,2
745,8
746,0
747,3
748,6
749,8
750,8
751,2
752,6
753,2
754,3
755,2
756,8
757,6
758,8
759,8
760,2
761,3
762,8
763,8
764,3
765,2
766,2
767,6
768,2
769,8
770,2
771,2
772,8
773,8
774,0
775,8
776,2
777,8
778,3
779,6
780,6
781,2
782,8
783,3
784,6
785,3
786,2
787,2
788,2
789,8
790,2
791,2
792,2
793,6
794,8
795,2
796,2
797,6
798,4
799,8
800,2
801,8
802,2
803,2
804,8
805,6
806,2
807,3
808,8
809,3
810,2
811,8
812,3
813,3
814,3
815,6
816,8
817,8
818,3
819,3
820,2
821,3
822,8
823,2
824,8
825,2
826,2
827,2
828,8
829,2
830,6
831,6
832,2
833,3
834,6
835,9
836,6
837,2
838,2
839,8
840,8
841,2
842,2
843,3
844,8
845,6
846,2
847,3
848,6
849,8
850,3
851,2
852,6
853,3
854,8
855,8
856,8
857,2
858,8
859,3
860,2
861,3
862,8
863,9
864,2
865,6
866,6
867,2
868,8
869,2
870,8
871,3
872,6
873,1
874,6
875,3
876,8
877,3
878,2
879,3
880,8
881,3
882,8
883,2
884,2
885,3
886,6
887,8
888,2
889,6
890,3
891,3
892,3
893,2
894,8
895,0
896,8
897,8
898,2
899,6
900,6
901,8
902,6
903,8
904,8
905,2
906,6
907,8
908,8
909,1
910,2
911,2
912,2
913,2
914,3
915,8
916,6
917,8
918,6
919,3
920,6
921,2
922,2
923,8
924,6
925,0
926,3
927,8
928,6
929,3
930,0
931,6
932,6
933,3
934,8
935,8
936,2
937,3
938,2
939,8
940,2
941,3
942,2
943,2
944,6
945,8
946,8
947,8
948,8
949,8
950,2
951,6
952,6
953,3
954,8
955,2
956,8
957,2
958,8
959,8
960,2
961,8
962,8
963,2
964,6
965,8
966,8
967,8
968,8
969,8
970,8
971,2
972,2
973,8
974,3
975,8
976,3
977,2
978,2
979,1
980,8
981,8
982,8
983,3
984,8
985,2
986,8
987,3
988,8
989,2
990,8
991,8
992,6
993,2
994,2
995,2
996,6
997,3
998,8
999,6
1000,6
1001,2
1002,2
1003,3
1004,6
1005,2
1006,8
1007,8
1008,8
1009,8
1010,3
1011,8
1012,8
1013,2
1014,6
1015,8
1016,6
1017,3
1018,8
1019,2
1020,2
1021,2
1022,8
1023,3
1024,8
1025,2
1026,8
1027,8
1028,2
1029,2
1030,8
1031,2
1032,2
1033,3
1034,6
1035,6
1036,8
1037,6
1038,8
1039,3
1040,8
1041,3
1042,8
1043,8
1044,8
1045,8
1046,2
1047,8
1048,2
1049,3
1050,2
1051,2
1052,8
1053,2
1054,2
1055,9
1056,2
1057,6
1058,8
1059,8
1060,3
1061,2
1062,2
1063,6
1064,3
1065,2
1066,2
1067,8
1068,8
1069,3
1070,2
1071,8
1072,2
1073,6
1074,8
1075,2
1076,6
1077,2
1078,3
1079,8
1080,2
1081,2
1082,6
1083,3
1084,3
1085,6
1086,9
1087,2
1088,8
1089,2
1090,2
1091,8
1092,2
1093,8
1094,2
1095,2
1096,8
1097,6
1098,2
1099,8
1100,2
1101,2
1102,2
1103,6
1104,6
1105,6
1106,6
1107,8
1108,0
1109,8
1110,2
1111,8
1112,6
1113,2
1114,8
1115,8
1116,8
1117,3
1118,2
1119,6
1120,2
1121,6
1122,2
1123,2
1124,8
1125,3
1126,8
1127,6
1128,2
1129,2
1130,8
1131,2
1132,8
1133,2
1134,8
1135,2
1136,2
1137,8
1138,8
1139,8
1140,8
1141,6
1142,3
1143,8
1144,8
1145,8
1146,2
1147,8
1148,2
1149,2
1150,8
1151,8
1152,3
1153,2
1154,8
1155,3
1156,2
1157,3
1158,2
1159,8
1160,8
1161,2
1162,8
1163,8
1164,8
1165,8
1166,6
1167,2
1168,8
1169,6
1170,8
1171,6
1172,4
1173,2
1174,2
1175,8
1176,6
1177,8
1178,8
1179,8
1180,8
1181,3
1182,3
1183,2
1184,3
1185,2
1186,8
1187,8
1188,2
1189,8
1190,2
1191,8
1192,2
1193,0
1194,2
1195,8
1196,2
1197,3
1198,6
1199,6
1200,8
1201,8
1202,8
1203,2
1204,2
1205,2
1206,3
1207,6
1208,8
1209,2
1210,6
1211,8
1212,8
1213,6
1214,6
1215,8
1216,8
1217,8
1218,8
1219,8
1220,8
1221,8
1222,8
1223,8
1224,3
1225,2
1226,2
1227,2
1228,3
1229,2
1230,2
1231,2
1232,3
1233,8
1234,3
1235,2
1236,3
1237,2
1238,6
1239,8
1240,8
1241,2
1242,9
1243,8
1244,8
1245,2
1246,8
1247,8
1248,2
1249,4
1250,3
1251,8
1252,6
1253,6
1254,8
1255,2
1256,8
1257,3
1258,3
1259,8
1260,8
1261,8
1262,3
1263,2
1264,8
1265,2
1266,8
1267,3
1268,2
1269,3
1270,6
1271,2
1272,2
1273,8
1274,2
1275,3
1276,8
1277,8
1278,8
1279,6
1280,6
1281,6
1282,8
1283,8
1284,8
1285,8
1286,2
1287,2
1288,3
1289,2
1290,8
1291,6
1292,3
1293,6
1294,6
1295,8
1296,9
1297,3
1298,6
1299,2
1300,2
1301,3
1302,2
1303,8
1304,6
1305,3
1306,3
1307,6
1308,2
1309,2
1310,2
1311,8
1312,3
1313,2
1314,3
1315,6
1316,6
1317,3
1318,8
1319,2
1320,8
1321,0
1322,2
1323,2
1324,2
1325,8
1326,8
1327,2
1328,3
1329,8
1330,2
1331,2
1332,8
1333,6
1334,3
1335,6
1336,6
1337,8
1338,6
1339,6
1340,2
1341,8
1342,6
1343,2
1344,2
1345,8
1346,8
1347,3
1348,3
1349,8
1350,8
1351,2
1352,2
1353,8
1354,2
1355,8
1356,2
1357,3
1358,6
1359,8
1360,2
1361,8
1362,8
1363,2
1364,2
1365,8
1366,2
1367,8
1368,2
1369,2
1370,8
1371,8
1372,8
1373,2
1374,8
1375,6
1376,3
1377,8
1378,2
1379,6
1380,2
1381,2
1382,8
1383,8
1384,2
1385,3
1386,6
1387,2
1388,6
1389,6
1390,2
1391,8
1392,2
1393,2
1394,2
1395,6
1396,6
1397,8
1398,8
1399,2
1400,3
1401,8
1402,2
1403,8
1404,8
1405,3
1406,8
1407,2
1408,3
1409,3
1410,6
1411,6
1412,8
1413,7
1414,2
1415,6
1416,8
1417,8
1418,2
1419,6
1420,3
1421,2
1422,3
1423,8
1424,8
1425,8
1426,6
1427,2
1428,2
1429,2
1430,6
1431,3
1432,2
1433,2
1434,3
1435,8
1436,3
1437,6
1438,6
1439,6
1440,2
1441,3
1442,4
1443,2
1444,8
1445,2
1446,2
1447,8
1448,2
1449,2
1450,8
1451,6
1452,8
1453,2
1454,8
1455,8
1456,8
1457,8
1458,8
1459,2
1460,2
1461,6
1462,6
1463,8
1464,2
1465,8
1466,6
1467,8
1468,8
1469,6
1470,2
1471,3
1472,3
1473,2
1474,2
1475,8
1476,3
1477,3
1478,2
1479,8
1480,2
1481,8
1482,2
1483,8
1484,6
1485,2
1486,8
1487,2
1488,2
1489,3
1490,8
1491,6
1492,2
1493,6
1494,2
1495,6
1496,8
1497,8
1498,2
1499,6
1500,8
1501,2
1502,8
1503,3
1504,6
1505,3
1506,6
1507,2
1508,2
1509,2
1510,2
1511,3
1512,8
1513,2
1514,6
1515,2
1516,2
1517,3
1518,2
1519,2
1520,8
1521,6
1522,2
1523,3
1524,2
1525,6
1526,6
1527,6
1528,6
1529,8
1530,8
1531,6
1532,3
1533,2
1534,8
1535,3
1536,2
1537,3
1538,2
1539,6
1540,8
1541,2
1542,2
1543,8
1544,2
1545,9
1546,2
1547,2
1548,0
1549,8
1550,2
1551,3
1552,3
1553,3
1554,6
1555,2
1556,3
1557,8
1558,8
1559,8
1560,1
1561,6
1562,6
1563,2
1564,3
1565,2
1566,3
1567,2
1568,2
1569,2
1570,6
1571,6
1572,2
1573,8
1574,2
1575,8
1576,8
1577,3
1578,3
1579,2
1580,8
1581,8
1582,3
1583,2
1584,3
1585,6
1586,2
1587,3
1588,8
1589,2
1590,2
1591,6
1592,6
1593,1
1594,3
1595,9
1596,2
1597,2
1598,8
1599,8
1600,8
1601,8
1602,6
1603,3
1604,2
1605,8
1606,8
1607,3
1608,6
1609,2
1610,2
1611,8
1612,8
1613,2
1614,2
1615,8
1616,3
1617,6
1618,8
1619,8
1620,2
1621,6
1622,2
1623,2
1624,9
1625,3
1626,8
1627,8
1628,8
1629,8
1630,3
1631,6
1632,3
1633,6
1634,3
1635,8
1636,8
1637,6
1638,8
1639,6
1640,3
1641,6
1642,2
1643,8
1644,6
1645,2
1646,2
1647,2
1648,8
1649,6
1650,6
1651,8
1652,3
1653,6
1654,2
1655,8
1656,2
1657,8
1658,6
1659,2
1660,8
1661,8
1662,8
1663,2
1664,2
1665,8
1666,8
1667,9
1668,2
1669,8
1670,8
1671,3
1672,6
1673,6
1674,8
1675,8
1676,3
1677,2
1678,3
1679,2
1680,2
1681,6
1682,8
1683,2
1684,2
1685,2
1686,3
1687,8
1688,2
1689,6
1690,8
1691,6
1692,3
1693,3
1694,8
1695,2
1696,8
1697,3
1698,8
1699,2
1700,2
1701,2
1702,6
1703,8
1704,8
1705,8
1706,8
1707,8
1708,8
1709,9
1710,2
1711,6
1712,6
1713,3
1714,8
1715,2
1716,6
1717,3
1718,2
1719,6
1720,6
1721,2
1722,2
1723,8
1724,8
1725,2
1726,2
1727,8
1728,6
1729,2
1730,2
1731,8
1732,2
1733,6
1734,3
1735,8
1736,8
1737,3
1738,8
1739,2
1740,3
1741,6
1742,3
1743,2
1744,2
1745,8
1746,2
1747,8
1748,8
1749,2
1750,2
1751,2
1752,8
1753,2
1754,8
1755,2
1756,6
1757,8
1758,2
1759,8
1760,2
1761,6
1762,6
1763,2
1764,8
1765,2
1766,6
1767,2
1768,8
1769,8
1770,6
1771,6
1772,2
1773,3
1774,8
1775,8
1776,2
1777,2
1778,8
1779,2
1780,8
1781,8
1782,8
1783,8
1784,2
1785,6
1786,2
1787,3
1788,8
1789,6
1790,8
1791,2
1792,8
1793,8
1794,2
1795,3
1796,2
1797,2
1798,8
1799,2
1800,3
1801,2
1802,8
1803,2
1804,2
1805,1
1806,8
1807,3
1808,2
1809,3
1810,6
1811,2
1812,8
1813,2
1814,8
1815,6
1816,6
1817,2
1818,8
1819,3
1820,6
1821,8
1822,2
1823,3
1824,2
1825,2
1826,8
1827,3
1828,6
1829,8
1830,6
1831,8
1832,2
1833,8
1834,2
1835,2
1836,2
1837,6
1838,8
1839,6
1840,2
1841,3
1842,2
1843,6
1844,8
1845,2
1846,2
1847,6
1848,3
1849,6
1850,2
1851,8
1852,6
1853,8
1854,8
1855,2
1856,3
1857,2
1858,2
1859,3
1860,2
1861,2
1862,6
1863,3
1864,3
1865,2
1866,2
1867,3
1868,8
1869,8
1870,2
1871,8
1872,3
1873,6
1874,8
1875,6
1876,6
1877,8
1878,6
1879,3
1880,6
1881,8
1882,8
1883,2
1884,2
1885,3
1886,8
1887,2
1888,6
1889,8
1890,8
1891,8
1892,6
1893,2
1894,2
1895,2
1896,2
1897,8
1898,2
1899,8
1900,8
1901,6
1902,6
1903,2
1904,2
1905,2
1906,2
1907,2
1908,2
1909,3
1910,2
1911,8
1912,6
1913,6
1914,1
1915,8
1916,6
1917,6
1918,6
1919,6
1920,3
1921,8
1922,8
1923,3
1924,8
1925,8
1926,8
1927,8
1928,2
1929,8
1930,6
1931,6
1932,2
1933,9
1934,3
1935,8
1936,6
1937,3
1938,3
1939,8
1940,6
1941,6
1942,6
1943,2
1944,8
1945,3
1946,6
1947,6
1948,6
1949,8
1950,3
1951,8
1952,8
1953,6
1954,6
1955,3
1956,2
1957,6
1958,2
1959,2
1960,3
1961,2
1962,2
1963,8
1964,2
1965,8
1966,8
1967,8
1968,2
1969,3
1970,6
1971,3
1972,6
1973,2
1974,6
1975,3
1976,2
1977,6
1978,2
1979,2
1980,2
1981,8
1982,6
1983,7
1984,8
1985,8
1986,3
1987,8
1988,6
1989,3
1990,3
1991,6
1992,2
1993,6
1994,3
1995,6
1996,8
1997,8
1998,0
1999,2
2000,3
2001,6
2002,8
2003,2
2004,2
2005,3
2006,8
2007,6
2008,8
2009,3
2010,2
2011,6
2012,3
2013,8
2014,8
2015,8
2016,2
2017,2
2018,8
2019,2
2020,8
2021,2
2022,3
2023,3
2024,6
2025,8
2026,8
2027,2
2028,8
2029,2
2030,2
2031,8
2032,8
2033,8
2034,2
2035,6
2036,8
2037,6
2038,8
2039,8
2040,6
2041,8
2042,2
2043,8
2044,2
2045,8
2046,3
2047,2
2048,8
2049,2
2050,6
2051,8
2052,8
2053,3
2054,6
2055,8
2056,3
2057,6
2058,8
2059,8
2060,8
2061,3
2062,8
2063,9
2064,6
2065,8
2066,8
2067,3
2068,2
2069,8
2070,2
2071,3
2072,6
2073,3
2074,3
2075,8
2076,3
2077,8
2078,8
2079,8
2080,2
2081,8
2082,2
2083,8
2084,2
2085,8
2086,3
2087,8
2088,2
2089,6
2090,2
2091,8
2092,6
2093,6
2094,9
2095,6
2096,9
2097,8
2098,8
2099,8
2100,8
2101,3
2102,6
2103,2
2104,9
2105,6
2106,2
2107,2
2108,2
2109,2
2110,8
2111,6
2112,6
2113,3
2114,2
2115,2
2116,3
2117,8
2118,2
2119,2
2120,3
2121,9
2122,3
2123,3
2124,8
2125,8
2126,2
2127,2
2128,3
2129,8
2130,8
2131,2
2132,2
2133,6
2134,2
2135,8
2136,6
2137,2
2138,8
2139,2
2140,2
2141,8
2142,8
2143,8
2144,2
2145,2
2146,3
2147,6
2148,3
2149,2
2150,8
2151,3
2152,3
2153,8
2154,2
2155,6
2156,0
2157,2
2158,8
2159,2
2160,8
2161,6
2162,3
2163,8
2164,8
2165,2
2166,6
2167,6
2168,8
2169,2
2170,2
2171,2
2172,3
2173,8
2174,2
2175,2
2176,8
2177,8
2178,6
2179,2
2180,8
2181,6
2182,6
2183,8
2184,3
2185,2
2186,8
2187,3
2188,8
2189,2
2190,8
2191,2
2192,3
2193,2
2194,8
2195,2
2196,6
2197,8
2198,2
2199,2
2200,2
2201,8
2202,2
2203,8
2204,8
2205,8
2206,1
2207,2
2208,2
2209,8
2210,8
2211,2
2212,2
2213,3
2214,6
2215,3
2216,2
2217,6
2218,2
2219,8
2220,6
2221,1
2222,3
2223,8
2224,8
2225,2
2226,6
2227,8
2228,6
2229,3
2230,8
2231,2
2232,2
2233,9
2234,6
2235,6
2236,8
2237,6
2238,2
2239,8
2240,8
2241,8
2242,3
2243,2
2244,6
2245,3
2246,8
2247,3
2248,8
2249,8
2250,3
2251,3
2252,2
2253,8
2254,2
2255,8
2256,3
2257,3
2258,2
2259,2
2260,6
2261,2
2262,8
2263,2
2264,2
2265,6
2266,2
2267,8
2268,8
2269,2
2270,6
2271,8
2272,8
2273,3
2274,8
2275,9
2276,6
2277,8
2278,8
2279,3
2280,2
2281,6
2282,6
2283,8
2284,2
2285,2
2286,8
2287,2
2288,8
2289,6
2290,2
2291,3
2292,2
2293,8
2294,8
2295,8
2296,8
2297,8
2298,3
2299,9
2300,8
2301,2
2302,3
2303,6
2304,8
2305,8
2306,2
2307,8
2308,2
2309,8
2310,8
2311,2
2312,8
2313,2
2314,3
2315,2
2316,2
2317,2
2318,8
2319,2
2320,3
2321,6
2322,6
2323,6
2324,8
2325,8
2326,8
2327,6
2328,6
2329,2
2330,2
2331,2
2332,2
2333,3
2334,8
2335,8
2336,3
2337,3
2338,6
2339,8
2340,8
2341,6
2342,8
2343,6
2344,8
2345,2
2346,3
2347,8
2348,2
2349,4
2350,2
2351,3
2352,6
2353,2
2354,3
2355,6
2356,8
2357,8
2358,2
2359,2
2360,6
2361,3
2362,8
2363,3
2364,3
2365,6
2366,2
2367,6
2368,3
2369,3
2370,8
2371,2
2372,8
2373,2
2374,6
2375,6
2376,8
2377,1
2378,2
2379,2
2380,8
2381,2
2382,6
2383,6
2384,8
2385,6
2386,2
2387,3
2388,2
2389,2
2390,2
2391,6
2392,6
2393,8
2394,2
2395,2
2396,8
2397,8
2398,6
2399,8
2400,6
2401,2
2402,2
2403,6
2404,8
2405,2
2406,8
2407,3
2408,4
2409,8
2410,2
2411,2
2412,6
2413,8
2414,2
2415,9
2416,2
2417,2
2418,6
2419,3
2420,2
2421,2
2422,8
2423,2
2424,2
2425,2
2426,2
2427,2
2428,8
2429,2
2430,3
2431,6
2432,2
2433,6
2434,3
2435,2
2436,2
2437,8
2438,0
2439,8
2440,6
2441,2
2442,2
2443,6
2444,2
2445,2
2446,6
2447,6
2448,2
2449,2
2450,8
2451,8
2452,6
2453,6
2454,6
2455,8
2456,2
2457,2
2458,8
2459,8
2460,2
2461,8
2462,2
2463,8
2464,3
2465,8
2466,1
2467,8
2468,6
2469,8
2470,9
2471,3
2472,3
2473,2
2474,8
2475,8
2476,3
2477,8
2478,6
2479,2
2480,3
2481,8
2482,2
2483,8
2484,2
2485,6
2486,6
2487,3
2488,3
2489,2
2490,2
2491,8
2492,8
2493,8
2494,8
2495,2
2496,6
2497,8
2498,8
2499,8
2500,8
2501,2
2502,2
2503,8
2504,8
2505,3
2506,8
2507,2
2508,6
2509,2
2510,2
2511,8
2512,8
2513,3
2514,6
2515,2
2516,2
2517,3
2518,8
2519,3
2520,2
2521,8
2522,8
2523,2
2524,6
2525,3
2526,2
2527,8
2528,2
2529,3
2530,8
2531,2
2532,6
2533,8
2534,6
2535,8
2536,3
2537,6
2538,2
2539,2
2540,6
2541,6
2542,0
2543,3
2544,8
2545,6
2546,2
2547,2
2548,2
2549,8
2550,8
2551,8
2552,2
2553,8
2554,8
2555,2
2556,2
2557,8
2558,3
2559,6
2560,8
2561,3
2562,8
2563,3
2564,3
2565,2
2566,3
2567,8
2568,8
2569,2
2570,8
2571,3
2572,2
2573,8
2574,2
2575,8
2576,2
2577,6
2578,2
2579,6
2580,8
2581,2
2582,6
2583,2
2584,7
2585,2
2586,6
2587,3
2588,2
2589,6
2590,8
2591,6
2592,1
2593,2
2594,2
2595,6
2596,6
2597,8
2598,3
2599,2
2600,8
2601,8
2602,8
2603,2
2604,9
2605,2
2606,8
2607,8
2608,3
2609,2
2610,8
2611,8
2612,2
2613,8
2614,8
2615,8
2616,8
2617,6
2618,6
2619,6
2620,2
2621,8
2622,6
2623,2
2624,8
2625,2
2626,8
2627,2
2628,2
2629,2
2630,2
2631,3
2632,8
2633,3
2634,9
2635,9
2636,3
2637,2
2638,8
2639,2
2640,7
2641,1
2642,8
2643,6
2644,2
2645,2
2646,8
2647,6
2648,3
2649,2
2650,8
2651,7
2652,8
2653,2
2654,8
2655,8
2656,2
2657,2
2658,8
2659,2
2660,3
2661,3
2662,6
2663,8
2664,3
2665,2
2666,8
2667,8
2668,2
2669,8
2670,3
2671,8
2672,3
2673,2
2674,3
2675,2
2676,2
2677,6
2678,2
2679,2
2680,8
2681,6
2682,2
2683,3
2684,8
2685,9
2686,2
2687,8
2688,8
2689,6
2690,2
2691,2
2692,8
2693,2
2694,6
2695,2
2696,2
2697,6
2698,2
2699,8
2700,2
2701,6
2702,2
2703,2
2704,2
2705,3
2706,8
2707,3
2708,8
2709,6
2710,8
2711,7
2712,3
2713,2
2714,3
2715,8
2716,2
2717,8
2718,2
2719,2
2720,8
2721,2
2722,6
2723,6
2724,2
2725,2
2726,2
2727,3
2728,8
2729,8
2730,2
2731,6
2732,2
2733,2
2734,6
2735,8
2736,3
2737,3
2738,2
2739,2
2740,2
2741,3
2742,8
2743,3
2744,2
2745,6
2746,2
2747,8
2748,2
2749,2
2750,8
2751,8
2752,2
2753,6
2754,2
2755,8
2756,2
2757,2
2758,2
2759,2
2760,6
2761,6
2762,3
2763,2
2764,2
2765,6
2766,2
2767,8
2768,6
2769,8
2770,2
2771,6
2772,6
2773,3
2774,8
2775,3
2776,3
2777,8
2778,2
2779,6
2780,2
2781,8
2782,7
2783,3
2784,2
2785,8
2786,2
2787,3
2788,8
2789,2
2790,6
2791,2
2792,8
2793,8
2794,6
2795,8
2796,8
2797,2
2798,2
2799,8
2800,2
2801,2
2802,8
2803,8
2804,2
2805,2
2806,8
2807,6
2808,2
2809,9
2810,3
2811,6
2812,6
2813,2
2814,6
2815,2
2816,2
2817,2
2818,6
2819,2
2820,8
2821,2
2822,8
2823,8
2824,8
2825,1
2826,2
2827,6
2828,3
2829,8
2830,6
2831,2
2832,6
2833,6
2834,2
2835,2
2836,8
2837,8
2838,6
2839,2
2840,6
2841,3
2842,2
2843,6
2844,8
2845,2
2846,3
2847,8
2848,2
2849,2
2850,6
2851,6
2852,2
2853,2
2854,6
2855,1
2856,8
2857,3
2858,2
2859,3
2860,3
2861,2
2862,6
2863,2
2864,2
2865,8
2866,6
2867,6
2868,8
2869,8
2870,8
2871,3
2872,8
2873,3
2874,6
2875,3
2876,8
2877,3
2878,8
2879,3
2880,6
2881,8
2882,8
2883,8
2884,6
2885,8
2886,6
2887,3
2888,6
2889,8
2890,2
2891,8
2892,8
2893,3
2894,9
2895,2
2896,8
2897,2
2898,2
2899,2
2900,8
2901,8
2902,8
2903,7
2904,6
2905,8
2906,8
2907,2
2908,2
2909,8
2910,8
2911,8
2912,2
2913,2
2914,6
2915,8
2916,2
2917,8
2918,8
2919,1
2920,2
2921,2
2922,6
2923,8
2924,2
2925,8
2926,3
2927,9
2928,8
2929,2
2930,2
2931,6
2932,3
2933,3
2934,2
2935,8
2936,8
2937,8
2938,2
2939,2
2940,6
2941,3
2942,2
2943,8
2944,3
2945,2
2946,6
2947,2
2948,2
2949,8
2950,8
2951,6
2952,8
2953,8
2954,8
2955,6
2956,8
2957,6
2958,2
2959,2
2960,8
2961,3
2962,8
2963,2
2964,8
2965,2
2966,6
2967,2
2968,6
2969,2
2970,8
2971,2
2972,6
2973,8
2974,3
2975,8
2976,9
2977,2
2978,2
2979,2
2980,2
2981,3
2982,3
2983,6
2984,3
2985,2
2986,3
2987,6
2988,8
2989,6
2990,2
2991,6
2992,2
2993,2
2994,8
2995,6
2996,3
2997,3
2998,6
2999,6
3000,6
3001,2
3002,2
3003,2
3004,2
3005,3
3006,2
3007,8
3008,8
3009,6
3010,8
3011,8
3012,9
3013,2
3014,6
3015,2
3016,8
3017,2
3018,8
3019,6
3020,8
3021,3
3022,8
3023,6
3024,3
3025,3
3026,2
3027,2
3028,6
3029,8
3030,8
3031,8
3032,8
3033,3
3034,0
3035,6
3036,2
3037,2
3038,8
3039,6
3040,3
3041,2
3042,2
3043,8
3044,2
3045,2
3046,3
3047,3
3048,2
3049,3
3050,8
3051,8
3052,9
3053,2
3054,8
3055,8
3056,6
3057,2
3058,8
3059,3
3060,6
3061,2
3062,2
3063,2
3064,2
3065,9
3066,9
3067,8
3068,2
3069,2
3070,3
3071,3
3072,3
3073,8
3074,6
3075,8
3076,3
3077,8
3078,2
3079,8
3080,0
3081,8
3082,3
3083,8
3084,6
3085,8
3086,2
3087,2
3088,8
3089,2
3090,3
3091,6
3092,3
3093,1
3094,3
3095,8
3096,6
3097,8
3098,8
3099,2
3100,6
3101,6
3102,2
3103,2
3104,2
3105,8
3106,8
3107,6
3108,8
3109,3
3110,1
3111,6
3112,2
3113,6
3114,2
3115,2
3116,6
3117,2
3118,4
3119,6
3120,3
3121,6
3122,2
3123,8
3124,8
3125,3
3126,2
3127,6
3128,8
3129,8
3130,2
3131,8
3132,2
3133,6
3134,2
3135,8
3136,6
3137,2
3138,6
3139,8
3140,2
3141,2
3142,8
3143,6
3144,6
3145,6
3146,0
3147,8
3148,9
3149,2
3150,2
3151,8
3152,3
3153,6
3154,2
3155,8
3156,6
3157,8
3158,3
3159,8
3160,3
3161,8
3162,8
3163,3
3164,8
3165,8
3166,6
3167,6
3168,8
3169,2
3170,6
3171,2
3172,8
3173,6
3174,6
3175,8
3176,2
3177,2
3178,8
3179,2
3180,8
3181,2
3182,3
3183,8
3184,8
3185,2
3186,2
3187,2
3188,6
3189,8
3190,9
3191,2
3192,2
3193,2
3194,2
3195,8
3196,2
3197,2
3198,2
3199,6
3200,2
3201,8
3202,6
3203,3
3204,6
3205,8
3206,3
3207,8
3208,2
3209,8
3210,8
3211,2
3212,6
3213,3
3214,8
3215,6
3216,8
3217,6
3218,6
3219,8
3220,8
3221,6
3222,6
3223,8
3224,2
3225,8
3226,8
3227,8
3228,2
3229,8
3230,6
3231,2
3232,2
3233,3
3234,3
3235,3
3236,6
3237,3
3238,8
3239,8
3240,2
3241,3
3242,6
3243,6
3244,2
3245,8
3246,2
3247,8
3248,8
3249,8
3250,8
3251,6
3252,8
3253,3
3254,8
3255,6
3256,8
3257,8
3258,3
3259,8
3260,8
3261,0
3262,2
3263,8
3264,6
3265,2
3266,2
3267,8
3268,2
3269,6
3270,8
3271,6
3272,2
3273,8
3274,3
3275,3
3276,9
3277,8
3278,3
3279,2
3280,2
3281,2
3282,8
3283,8
3284,8
3285,8
3286,3
3287,2
3288,3
3289,2
3290,8
3291,2
3292,2
3293,6
3294,2
3295,2
3296,3
3297,2
3298,2
3299,2
3300,8
3301,8
3302,0
3303,6
3304,8
3305,8
3306,2
3307,6
3308,3
3309,8
3310,8
3311,6
3312,3
3313,2
3314,6
3315,3
3316,8
3317,8
3318,2
3319,6
3320,3
3321,8
3322,8
3323,8
3324,8
3325,2
3326,8
3327,8
3328,2
3329,3
3330,8
3331,2
3332,3
3333,8
3334,3
3335,2
3336,8
3337,2
3338,8
3339,8
3340,6
3341,8
3342,6
3343,3
3344,6
3345,8
3346,2
3347,2
3348,3
3349,6
3350,8
3351,2
3352,3
3353,2
3354,2
3355,2
3356,6
3357,8
3358,2
3359,2
3360,8
3361,8
3362,8
3363,8
3364,8
3365,8
3366,3
3367,3
3368,8
3369,8
3370,6
3371,8
3372,8
3373,8
3374,2
3375,8
3376,8
3377,6
3378,6
3379,2
3380,8
3381,6
3382,8
3383,2
3384,2
3385,2
3386,6
3387,8
3388,8
3389,2
3390,1
3391,9
3392,8
3393,3
3394,8
3395,2
3396,3
3397,2
3398,6
3399,3
3400,3
3401,6
3402,6
3403,3
3404,8
3405,2
3406,8
3407,8
3408,2
3409,8
3410,8
3411,8
3412,6
3413,2
3414,2
3415,8
3416,6
3417,6
3418,2
3419,2
3420,2
3421,2
3422,3
3423,8
3424,2
3425,9
3426,8
3427,6
3428,3
3429,8
3430,2
3431,2
3432,3
3433,2
3434,8
3435,6
3436,2
3437,2
3438,2
3439,6
3440,6
3441,6
3442,2
3443,6
3444,8
3445,2
3446,2
3447,6
3448,8
3449,9
3450,8
3451,3
3452,3
3453,8
3454,2
3455,2
3456,3
3457,2
3458,2
3459,3
3460,8
3461,8
3462,2
3463,6
3464,8
3465,2
3466,8
3467,8
3468,8
3469,4
3470,8
3471,6
3472,3
3473,3
3474,6
3475,8
3476,8
3477,8
3478,2
3479,3
3480,8
3481,8
3482,6
3483,2
3484,8
3485,6
3486,8
3487,6
3488,8
3489,8
3490,2
3491,8
3492,8
3493,8
3494,3
3495,3
3496,9
3497,2
3498,6
3499,2
3500,8
3501,2
3502,2
3503,8
3504,8
3505,2
3506,2
3507,9
3508,6
3509,3
3510,6
3511,0
3512,8
3513,2
3514,6
3515,8
3516,2
3517,2
3518,8
3519,8
3520,6
3521,3
3522,8
3523,6
3524,2
3525,6
3526,2
3527,6
3528,3
3529,2
3530,8
3531,8
3532,2
3533,2
3534,8
3535,2
3536,2
3537,8
3538,8
3539,6
3540,6
3541,6
3542,3
3543,6
3544,8
3545,2
3546,2
3547,2
3548,2
3549,8
3550,2
3551,6
3552,6
3553,8
3554,2
3555,2
3556,8
3557,2
3558,2
3559,3
3560,8
3561,8
3562,2
3563,8
3564,6
3565,8
3566,8
3567,6
3568,2
3569,8
3570,2
3571,8
3572,2
3573,8
3574,8
3575,8
3576,3
3577,8
3578,2
3579,1
3580,6
3581,6
3582,6
3583,3
3584,2
3585,3
3586,2
3587,6
3588,6
3589,2
3590,8
3591,3
3592,3
3593,8
3594,8
3595,8
3596,2
3597,3
3598,2
3599,2
3600,8
3601,6
3602,2
3603,6
3604,2
3605,8
3606,2
3607,8
3608,2
3609,3
3610,6
3611,8
3612,8
3613,8
3614,8
3615,8
3616,2
3617,1
3618,8
3619,3
3620,3
3621,2
3622,2
3623,8
3624,3
3625,2
3626,8
3627,2
3628,8
3629,2
3630,2
3631,8
3632,6
3633,6
3634,3
3635,3
3636,6
3637,2
3638,6
3639,6
3640,8
3641,8
3642,2
3643,3
3644,6
3645,2
3646,8
3647,6
3648,6
3649,8
3650,6
3651,3
3652,2
3653,2
3654,6
3655,2
3656,6
3657,6
3658,6
3659,3
3660,3
3661,8
3662,2
3663,3
3664,6
3665,3
3666,9
3667,8
3668,2
3669,3
3670,2
3671,8
3672,8
3673,2
3674,2
3675,3
3676,8
3677,2
3678,9
3679,3
3680,9
3681,2
3682,6
3683,2
3684,2
3685,6
3686,8
3687,8
3688,3
3689,6
3690,2
3691,8
3692,8
3693,2
3694,6
3695,6
3696,2
3697,8
3698,2
3699,8
3700,8
3701,2
3702,2
3703,6
3704,8
3705,2
3706,2
3707,8
3708,2
3709,2
3710,8
3711,2
3712,2
3713,6
3714,2
3715,2
3716,8
3717,2
3718,8
3719,2
3720,6
3721,2
3722,6
3723,8
3724,3
3725,3
3726,3
3727,6
3728,2
3729,6
3730,6
3731,2
3732,8
3733,6
3734,6
3735,8
3736,2
3737,8
3738,2
3739,2
3740,8
3741,6
3742,8
3743,8
3744,2
3745,2
3746,2
3747,2
3748,3
3749,2
3750,3
3751,8
3752,3
3753,6
3754,8
3755,8
3756,3
3757,2
3758,2
3759,8
3760,2
3761,6
3762,2
3763,2
3764,3
3765,2
3766,2
3767,2
3768,8
3769,3
3770,8
3771,8
3772,8
3773,3
3774,8
3775,3
3776,8
3777,8
3778,8
3779,8
3780,8
3781,6
3782,3
3783,2
3784,8
3785,8
3786,8
3787,8
3788,8
3789,6
3790,2
3791,6
3792,6
3793,2
3794,2
3795,8
3796,2
3797,2
3798,8
3799,2
3800,2
3801,2
3802,2
3803,0
3804,6
3805,2
3806,6
3807,3
3808,8
3809,6
3810,2
3811,2
3812,2
3813,8
3814,2
3815,2
3816,6
3817,6
3818,6
3819,3
3820,2
3821,2
3822,2
3823,3
3824,3
3825,2
3826,6
3827,6
3828,8
3829,2
3830,2
3831,8
3832,6
3833,2
3834,2
3835,2
3836,3
3837,2
3838,8
3839,3
3840,8
3841,2
3842,8
3843,2
3844,1
3845,3
3846,3
3847,8
3848,2
3849,8
3850,2
3851,6
3852,2
3853,9
3854,2
3855,6
3856,3
3857,6
3858,6
3859,2
3860,2
3861,3
3862,1
3863,2
3864,8
3865,2
3866,8
3867,8
3868,3
3869,8
3870,6
3871,6
3872,3
3873,2
3874,2
3875,2
3876,3
3877,3
3878,2
3879,3
3880,6
3881,2
3882,8
3883,3
3884,2
3885,6
3886,6
3887,3
3888,2
3889,3
3890,3
3891,2
3892,6
3893,3
3894,2
3895,8
3896,8
3897,8
3898,9
3899,6
3900,8
3901,8
3902,6
3903,2
3904,2
3905,6
3906,6
3907,8
3908,2
3909,3
3910,6
3911,2
3912,8
3913,2
3914,3
3915,2
3916,2
3917,6
3918,8
3919,3
3920,2
3921,8
3922,8
3923,2
3924,2
3925,2
3926,8
3927,6
3928,6
3929,6
3930,3
3931,8
3932,2
3933,3
3934,8
3935,2
3936,2
3937,2
3938,3
3939,8
3940,8
3941,8
3942,3
3943,6
3944,6
3945,8
3946,6
3947,2
3948,6
3949,8
3950,2
3951,8
3952,2
3953,6
3954,2
3955,8
3956,8
3957,6
3958,3
3959,8
3960,2
3961,6
3962,8
3963,2
3964,8
3965,6
3966,8
3967,8
3968,2
3969,8
3970,2
3971,3
3972,2
3973,8
3974,8
3975,2
3976,6
3977,9
3978,3
3979,8
3980,8
3981,8
3982,8
3983,8
3984,9
3985,3
3986,3
3987,8
3988,9
3989,3
3990,8
3991,2
3992,2
3993,2
3994,2
3995,8
3996,2
3997,2
3998,8
3999,2
4000,2
4001,6
4002,4
4003,6
4004,8
4005,2
4006,8
4007,8
4008,1
4009,8
4010,3
4011,8
4012,8
4013,2
4014,2
4015,8
4016,0
4017,6
4018,2
4019,2
4020,2
4021,3
4022,2
4023,6
4024,2
4025,2
4026,8
4027,8
4028,2
4029,2
4030,8
4031,6
4032,8
4033,8
4034,8
4035,2
4036,2
4037,6
4038,2
4039,2
4040,2
4041,8
4042,2
4043,8
4044,8
4045,6
4046,9
4047,3
4048,3
4049,8
4050,2
4051,6
4052,2
4053,2
4054,8
4055,2
4056,8
4057,3
4058,6
4059,6
4060,8
4061,6
4062,4
4063,8
4064,2
4065,8
4066,8
4067,8
4068,7
4069,6
4070,6
4071,8
4072,2
4073,2
4074,8
4075,3
4076,2
4077,2
4078,3
4079,2
4080,3
4081,6
4082,8
4083,2
4084,6
4085,4
4086,8
4087,2
4088,8
4089,8
4090,6
4091,8
4092,6
4093,3
4094,6
4095,6
4096,1
4097,8
4098,8
4099,8
4100,3
4101,3
4102,8
4103,8
4104,6
4105,3
4106,8
4107,3
4108,2
4109,8
4110,8
4111,8
4112,8
4113,3
4114,2
4115,6
4116,8
4117,8
4118,8
4119,8
4120,6
4121,2
4122,2
4123,2
4124,3
4125,2
4126,6
4127,8
4128,8
4129,2
4130,6
4131,8
4132,2
4133,8
4134,8
4135,2
4136,2
4137,8
4138,3
4139,6
4140,8
4141,2
4142,8
4143,2
4144,8
4145,2
4146,2
4147,6
4148,3
4149,2
4150,6
4151,2
4152,8
4153,3
4154,8
4155,8
4156,6
4157,2
4158,3
4159,8
4160,8
4161,6
4162,2
4163,8
4164,8
4165,8
4166,6
4167,2
4168,2
4169,6
4170,2
4171,2
4172,8
4173,2
4174,8
4175,2
4176,3
4177,2
4178,8
4179,8
4180,8
4181,3
4182,8
4183,8
4184,8
4185,2
4186,3
4187,8
4188,8
4189,2
4190,2
4191,2
4192,3
4193,3
4194,8
4195,8
4196,8
4197,8
4198,6
4199,3
4200,8
4201,3
4202,8
4203,8
4204,3
4205,0
4206,6
4207,6
4208,2
4209,3
4210,2
4211,6
4212,6
4213,9
4214,6
4215,2
4216,6
4217,8
4218,2
4219,3
4220,8
4221,6
4222,2
4223,2
4224,2
4225,6
4226,2
4227,2
4228,8
4229,2
4230,6
4231,6
4232,8
4233,6
4234,8
4235,8
4236,8
4237,2
4238,3
4239,3
4240,6
4241,8
4242,3
4243,2
4244,2
4245,6
4246,8
4247,8
4248,9
4249,6
4250,6
4251,8
4252,8
4253,8
4254,6
4255,2
4256,2
4257,8
4258,2
4259,8
4260,2
4261,8
4262,0
4263,2
4264,6
4265,1
4266,3
4267,2
4268,3
4269,3
4270,2
4271,8
4272,8
4273,2
4274,2
4275,2
4276,2
4277,3
4278,8
4279,8
4280,2
4281,8
4282,8
4283,8
4284,6
4285,8
4286,2
4287,3
4288,6
4289,2
4290,6
4291,2
4292,2
4293,2
4294,2
4295,8
4296,2
4297,3
4298,2
4299,2
4300,2
4301,8
4302,2
4303,8
4304,8
4305,2
4306,2
4307,3
4308,8
4309,2
4310,6
4311,8
4312,8
4313,8
4314,8
4315,2
4316,6
4317,2
4318,6
4319,8
4320,2
4321,8
4322,2
4323,2
4324,2
4325,8
4326,8
4327,2
4328,6
4329,2
4330,8
4331,6
4332,2
4333,3
4334,6
4335,6
4336,3
4337,6
4338,3
4339,8
4340,2
4341,3
4342,3
4343,8
4344,6
4345,8
4346,8
4347,2
4348,2
4349,6
4350,8
4351,2
4352,6
4353,6
4354,8
4355,6
4356,3
4357,2
4358,3
4359,8
4360,2
4361,2
4362,8
4363,6
4364,2
4365,8
4366,2
4367,9
4368,3
4369,8
4370,2
4371,8
4372,3
4373,8
4374,2
4375,3
4376,6
4377,8
4378,2
4379,2
4380,3
4381,8
4382,2
4383,2
4384,2
4385,3
4386,2
4387,8
4388,8
4389,6
4390,6
4391,2
4392,8
4393,2
4394,3
4395,2
4396,6
4397,8
4398,2
4399,8
4400,2
4401,2
4402,2
4403,6
4404,2
4405,3
4406,2
4407,8
4408,6
4409,2
4410,2
4411,3
4412,8
4413,2
4414,8
4415,8
4416,8
4417,3
4418,6
4419,2
4420,2
4421,3
4422,3
4423,6
4424,6
4425,2
4426,3
4427,8
4428,2
4429,6
4430,6
4431,6
4432,8
4433,2
4434,2
4435,2
4436,8
4437,8
4438,2
4439,2
4440,8
4441,6
4442,2
4443,3
4444,6
4445,2
4446,8
4447,8
4448,2
4449,2
4450,9
4451,2
4452,8
4453,8
4454,2
4455,1
4456,2
4457,2
4458,2
4459,8
4460,8
4461,6
4462,8
4463,8
4464,2
4465,8
4466,8
4467,2
4468,2
4469,6
4470,2
4471,3
4472,6
4473,8
4474,6
4475,6
4476,8
4477,0
4478,8
4479,8
4480,6
4481,8
4482,2
4483,8
4484,6
4485,3
4486,2
4487,3
4488,2
4489,6
4490,3
4491,2
4492,2
4493,2
4494,8
4495,8
4496,6
4497,6
4498,8
4499,2
4500,8
4501,6
4502,8
4503,8
4504,8
4505,6
4506,8
4507,6
4508,2
4509,8
4510,0
4511,8
4512,6
4513,3
4514,8
4515,8
4516,3
4517,6
4518,6
4519,3
4520,2
4521,8
4522,2
4523,6
4524,8
4525,8
4526,6
4527,6
4528,2
4529,8
4530,8
4531,6
4532,3
4533,8
4534,6
4535,2
4536,2
4537,8
4538,6
4539,2
4540,8
4541,6
4542,3
4543,2
4544,2
4545,6
4546,2
4547,8
4548,8
4549,2
4550,6
4551,2
4552,8
4553,2
4554,3
4555,8
4556,6
4557,8
4558,2
4559,2
4560,2
4561,2
4562,8
4563,8
4564,2
4565,3
4566,0
4567,6
4568,6
4569,6
4570,6
4571,2
4572,6
4573,2
4574,3
4575,8
4576,2
4577,8
4578,8
4579,8
4580,3
4581,8
4582,6
4583,8
4584,2
4585,3
4586,8
4587,3
4588,2
4589,2
4590,6
4591,2
4592,3
4593,2
4594,3
4595,8
4596,2
4597,2
4598,8
4599,6
4600,6
4601,8
4602,8
4603,3
4604,8
4605,2
4606,8
4607,2
4608,3
4609,8
4610,2
4611,3
4612,2
4613,3
4614,8
4615,2
4616,3
4617,8
4618,8
4619,8
4620,2
4621,3
4622,2
4623,8
4624,8
4625,8
4626,2
4627,8
4628,2
4629,3
4630,2
4631,2
4632,6
4633,2
4634,2
4635,8
4636,2
4637,2
4638,6
4639,8
4640,3
4641,8
4642,8
4643,6
4644,6
4645,8
4646,3
4647,8
4648,2
4649,6
4650,3
4651,2
4652,8
4653,8
4654,6
4655,8
4656,4
4657,8
4658,2
4659,8
4660,8
4661,8
4662,8
4663,6
4664,4
4665,2
4666,6
4667,2
4668,3
4669,2
4670,8
4671,2
4672,8
4673,2
4674,6
4675,6
4676,2
4677,6
4678,6
4679,6
4680,3
4681,8
4682,8
4683,6
4684,8
4685,8
4686,3
4687,3
4688,2
4689,0
4690,2
4691,8
4692,3
4693,8
4694,6
4695,8
4696,2
4697,6
4698,3
4699,2
4700,2
4701,8
4702,8
4703,8
4704,6
4705,2
4706,2
4707,8
4708,6
4709,8
4710,3
4711,9
4712,8
4713,8
4714,3
4715,2
4716,6
4717,3
4718,2
4719,2
4720,8
4721,8
4722,8
4723,2
4724,8
4725,3
4726,3
4727,8
4728,8
4729,6
4730,3
4731,8
4732,2
4733,2
4734,2
4735,6
4736,3
4737,6
4738,6
4739,2
4740,8
4741,8
4742,9
4743,6
4744,1
4745,8
4746,2
4747,2
4748,3
4749,2
4750,6
4751,6
4752,8
4753,8
4754,6
4755,2
4756,3
4757,2
4758,6
4759,2
4760,8
4761,8
4762,8
4763,3
4764,8
4765,8
4766,6
4767,3
4768,6
4769,8
4770,8
4771,2
4772,8
4773,2
4774,2
4775,2
4776,3
4777,6
4778,6
4779,2
4780,6
4781,2
4782,2
4783,2
4784,8
4785,6
4786,8
4787,8
4788,6
4789,8
4790,3
4791,2
4792,2
4793,2
4794,6
4795,6
4796,2
4797,2
4798,6
4799,2
4800,3
4801,6
4802,9
4803,2
4804,8
4805,8
4806,2
4807,2
4808,2
4809,8
4810,3
4811,9
4812,2
4813,2
4814,8
4815,8
4816,3
4817,6
4818,8
4819,8
4820,2
4821,8
4822,6
4823,8
4824,2
4825,2
4826,8
4827,2
4828,2
4829,6
4830,8
4831,6
4832,6
4833,2
4834,2
4835,3
4836,8
4837,6
4838,1
4839,3
4840,8
4841,6
4842,8
4843,8
4844,3
4845,6
4846,3
4847,2
4848,6
4849,6
4850,3
4851,2
4852,8
4853,6
4854,2
4855,3
4856,2
4857,2
4858,6
4859,8
4860,3
4861,3
4862,8
4863,3
4864,6
4865,2
4866,6
4867,2
4868,3
4869,2
4870,3
4871,2
4872,2
4873,8
4874,6
4875,2
4876,2
4877,3
4878,2
4879,3
4880,8
4881,8
4882,2
4883,3
4884,6
4885,6
4886,8
4887,8
4888,2
4889,8
4890,6
4891,2
4892,2
4893,2
4894,6
4895,2
4896,3
4897,2
4898,2
4899,2
4900,8
4901,2
4902,9
4903,2
4904,6
4905,8
4906,2
4907,8
4908,6
4909,6
4910,3
4911,6
4912,8
4913,2
4914,8
4915,2
4916,2
4917,6
4918,8
4919,2
4920,1
4921,2
4922,8
4923,3
4924,9
4925,2
4926,8
4927,2
4928,6
4929,2
4930,3
4931,8
4932,8
4933,2
4934,8
4935,2
4936,8
4937,8
4938,2
4939,6
4940,2
4941,6
4942,8
4943,8
4944,2
4945,6
4946,8
4947,2
4948,3
4949,8
4950,2
4951,6
4952,3
4953,8
4954,8
4955,3
4956,2
4957,2
4958,8
4959,3
4960,8
4961,8
4962,8
4963,8
4964,2
4965,3
4966,2
4967,0
4968,2
4969,2
4970,6
4971,6
4972,6
4973,3
4974,3
4975,2
4976,2
4977,2
4978,6
4979,8
4980,8
4981,6
4982,3
4983,8
4984,2
4985,8
4986,8
4987,8
4988,2
4989,6
4990,8
4991,2
4992,2
4993,8
4994,6
4995,8
4996,2
4997,2
4998,8
4999,3
5000,2
5001,3
5002,6
5003,3
5004,2
5005,1
5006,3
5007,6
5008,6
5009,2
5010,8
5011,6
5012,8
5013,6
5014,6
5015,2
5016,2
5017,8
5018,6
5019,8
5020,8
5021,8
5022,2
5023,2
5024,2
5025,8
5026,8
5027,6
5028,2
5029,6
5030,2
5031,0
5032,6
5033,8
5034,6
5035,6
5036,6
5037,6
5038,3
5039,2
5040,2
5041,6
5042,8
5043,8
5044,8
5045,8
5046,3
5047,8
5048,2
5049,3
5050,8
5051,6
5052,6
5053,8
5054,2
5055,6
5056,2
5057,2
5058,2
5059,2
5060,2
5061,6
5062,2
5063,8
5064,2
5065,2
5066,8
5067,9
5068,3
5069,8
5070,6
5071,2
5072,8
5073,8
5074,2
5075,3
5076,3
5077,8
5078,3
5079,2
5080,3
5081,3
5082,2
5083,6
5084,8
5085,1
5086,9
5087,3
5088,8
5089,8
5090,3
5091,8
5092,2
5093,6
5094,2
5095,8
5096,2
5097,8
5098,8
5099,8
5100,2
5101,6
5102,2
5103,3
5104,8
5105,3
5106,8
5107,8
5108,3
5109,8
5110,2
5111,2
5112,2
5113,8
5114,6
5115,2
5116,2
5117,2
5118,3
5119,9
5120,2
5121,8
5122,8
5123,8
5124,6
5125,2
5126,8
5127,8
5128,2
5129,2
5130,2
5131,9
5132,2
5133,6
5134,2
5135,3
5136,3
5137,2
5138,6
5139,8
5140,3
5141,3
5142,6
5143,3
5144,2
5145,2
5146,6
5147,2
5148,6
5149,2
5150,8
5151,8
5152,2
5153,2
5154,8
5155,8
5156,2
5157,2
5158,8
5159,9
5160,8
5161,6
5162,2
5163,2
5164,2
5165,6
5166,2
5167,2
5168,0
5169,2
5170,6
5171,8
5172,8
5173,2
5174,2
5175,2
5176,8
5177,8
5178,6
5179,8
5180,9
5181,8
5182,6
5183,8
5184,3
5185,2
5186,8
5187,2
5188,2
5189,8
5190,8
5191,2
5192,3
5193,6
5194,2
5195,2
5196,8
5197,2
5198,8
5199,8
5200,6
5201,8
5202,0
5203,8
5204,2
5205,8
5206,3
5207,8
5208,6
5209,8
5210,8
5211,2
5212,8
5213,2
5214,6
5215,8
5216,8
5217,8
5218,8
5219,8
5220,8
5221,2
5222,1
5223,2
5224,8
5225,2
5226,6
5227,8
5228,8
5229,8
5230,3
5231,3
5232,8
5233,6
5234,3
5235,6
5236,8
5237,2
5238,2
5239,2
5240,8
5241,6
5242,8
5243,3
5244,3
5245,2
5246,1
5247,3
5248,2
5249,2
5250,8
5251,6
5252,2
5253,2
5254,8
5255,6
5256,2
5257,8
5258,8
5259,8
5260,3
5261,8
5262,6
5263,2
5264,3
5265,3
5266,3
5267,6
5268,8
5269,8
5270,3
5271,3
5272,3
5273,8
5274,1
5275,3
5276,6
5277,2
5278,8
5279,2
5280,8
5281,2
5282,8
5283,6
5284,2
5285,6
5286,8
5287,6
5288,2
5289,8
5290,3
5291,2
5292,8
5293,8
5294,8
5295,2
5296,2
5297,6
5298,8
5299,8
5300,6
5301,6
5302,3
5303,8
5304,8
5305,8
5306,8
5307,8
5308,8
5309,1
5310,8
5311,8
5312,6
5313,2
5314,3
5315,6
5316,3
5317,8
5318,2
5319,6
5320,6
5321,8
5322,3
5323,3
5324,8
5325,6
5326,3
5327,2
5328,3
5329,2
5330,2
5331,8
5332,2
5333,2
5334,6
5335,2
5336,3
5337,2
5338,6
5339,8
5340,2
5341,2
5342,6
5343,8
5344,2
5345,2
5346,8
5347,3
5348,3
5349,8
5350,3
5351,2
5352,2
5353,8
5354,6
5355,8
5356,6
5357,6
5358,2
5359,6
5360,0
5361,6
5362,2
5363,3
5364,6
5365,8
5366,3
5367,8
5368,7
5369,2
5370,8
5371,2
5372,3
5373,2
5374,3
5375,2
5376,6
5377,8
5378,8
5379,2
5380,8
5381,2
5382,2
5383,6
5384,3
5385,6
5386,8
5387,9
5388,6
5389,8
5390,8
5391,2
5392,2
5393,3
5394,8
5395,2
5396,9
5397,2
5398,6
5399,8
5400,8
5401,6
5402,2
5403,2
5404,8
5405,8
5406,6
5407,8
5408,8
5409,6
5410,3
5411,6
5412,2
5413,8
5414,8
5415,8
5416,3
5417,9
5418,2
5419,4
5420,8
5421,8
5422,6
5423,6
5424,3
5425,8
5426,3
5427,8
5428,2
5429,8
5430,9
5431,3
5432,8
5433,2
5434,6
5435,3
5436,3
5437,2
5438,6
5439,6
5440,8
5441,8
5442,6
5443,3
5444,6
5445,6
5446,2
5447,8
5448,6
5449,2
5450,2
5451,8
5452,3
5453,8
5454,6
5455,3
5456,8
5457,2
5458,2
5459,2
5460,8
5461,2
5462,2
5463,2
5464,6
5465,3
5466,2
5467,2
5468,2
5469,2
5470,2
5471,8
5472,8
5473,8
5474,8
5475,8
5476,6
5477,8
5478,3
5479,8
5480,6
5481,2
5482,6
5483,2
5484,6
5485,6
5486,2
5487,6
5488,8
5489,2
5490,8
5491,6
5492,6
5493,8
5494,3
5495,2
5496,2
5497,2
5498,8
5499,2
5500,2
5501,8
5502,8
5503,8
5504,8
5505,3
5506,6
5507,3
5508,8
5509,2
5510,3
5511,8
5512,8
5513,3
5514,2
5515,2
5516,2
5517,8
5518,8
5519,8
5520,8
5521,2
5522,2
5523,2
5524,8
5525,8
5526,2
5527,8
5528,8
5529,8
5530,6
5531,2
5532,2
5533,8
5534,6
5535,8
5536,8
5537,8
5538,2
5539,6
5540,6
5541,2
5542,8
5543,8
5544,2
5545,3
5546,8
5547,3
5548,2
5549,2
5550,2
5551,6
5552,6
5553,8
5554,2
5555,6
5556,6
5557,2
5558,8
5559,2
5560,6
5561,8
5562,2
5563,8
5564,8
5565,8
5566,8
5567,8
5568,3
5569,2
5570,2
5571,2
5572,8
5573,2
5574,8
5575,6
5576,2
5577,2
5578,8
5579,8
5580,3
5581,8
5582,8
5583,3
5584,8
5585,2
5586,3
5587,3
5588,2
5589,2
5590,2
5591,2
5592,2
5593,2
5594,6
5595,3
5596,8
5597,8
5598,8
5599,6
5600,6
5601,8
5602,6
5603,6
5604,8
5605,1
5606,8
5607,6
5608,8
5609,3
5610,2
5611,8
5612,2
5613,6
5614,2
5615,8
5616,6
5617,2
5618,2
5619,6
5620,8
5621,2
5622,8
5623,3
5624,2
5625,8
5626,2
5627,2
5628,8
5629,8
5630,2
5631,8
5632,6
5633,3
5634,1
5635,8
5636,2
5637,8
5638,2
5639,8
5640,8
5641,2
5642,8
5643,3
5644,2
5645,2
5646,6
5647,3
5648,2
5649,3
5650,2
5651,2
5652,8
5653,8
5654,8
5655,8
5656,3
5657,2
5658,8
5659,8
5660,8
5661,2
5662,6
5663,3
5664,3
5665,8
5666,2
5667,6
5668,8
5669,8
5670,8
5671,8
5672,3
5673,2
5674,6
5675,8
5676,8
5677,2
5678,2
5679,6
5680,6
5681,2
5682,2
5683,3
5684,8
5685,8
5686,6
5687,8
5688,3
5689,2
5690,8
5691,2
5692,6
5693,6
5694,8
5695,8
5696,3
5697,8
5698,8
5699,8
5700,2
5701,3
5702,8
5703,8
5704,3
5705,6
5706,2
5707,6
5708,8
5709,2
5710,3
5711,8
5712,8
5713,8
5714,8
5715,3
5716,3
5717,8
5718,2
5719,6
5720,6
5721,8
5722,3
5723,8
5724,6
5725,2
5726,8
5727,8
5728,8
5729,3
5730,2
5731,8
5732,3
5733,2
5734,2
5735,8
5736,8
5737,8
5738,6
5739,2
5740,6
5741,8
5742,8
5743,2
5744,8
5745,6
5746,2
5747,8
5748,8
5749,2
5750,2
5751,8
5752,2
5753,8
5754,9
5755,8
5756,3
5757,2
5758,6
5759,6
5760,2
5761,2
5762,3
5763,8
5764,1
5765,6
5766,8
5767,6
5768,8
5769,6
5770,2
5771,2
5772,6
5773,8
5774,6
5775,2
5776,2
5777,6
5778,8
5779,6
5780,6
5781,6
5782,8
5783,2
5784,3
5785,6
5786,8
5787,6
5788,2
5789,2
5790,8
5791,2
5792,2
5793,6
5794,8
5795,3
5796,2
5797,3
5798,2
5799,2
5800,8
5801,2
5802,1
5803,2
5804,2
5805,2
5806,6
5807,8
5808,6
5809,2
5810,2
5811,3
5812,2
5813,6
5814,2
5815,0
5816,8
5817,8
5818,2
5819,3
5820,8
5821,2
5822,3
5823,8
5824,2
5825,3
5826,6
5827,3
5828,6
5829,6
5830,2
5831,8
5832,8
5833,8
5834,6
5835,2
5836,8
5837,3
5838,2
5839,6
5840,2
5841,8
5842,6
5843,6
5844,2
5845,2
5846,6
5847,2
5848,3
5849,8
5850,8
5851,6
5852,3
5853,8
5854,8
5855,8
5856,6
5857,2
5858,2
5859,6
5860,6
5861,2
5862,2
5863,3
5864,3
5865,6
5866,6
5867,2
5868,8
5869,2
5870,8
5871,8
5872,8
5873,2
5874,8
5875,2
5876,8
5877,3
5878,3
5879,2
5880,3
5881,2
5882,8
5883,2
5884,8
5885,3
5886,6
5887,2
5888,3
5889,6
5890,6
5891,3
5892,6
5893,8
5894,6
5895,8
5896,8
5897,8
5898,8
5899,3
5900,2
5901,6
5902,8
5903,8
5904,8
5905,2
5906,8
5907,8
5908,2
5909,6
5910,2
5911,2
5912,2
5913,6
5914,8
5915,8
5916,8
5917,2
5918,8
5919,2
5920,3
5921,6
5922,2
5923,2
5924,8
5925,2
5926,2
5927,2
5928,2
5929,2
5930,2
5931,8
5932,3
5933,2
5934,8
5935,2
5936,3
5937,2
5938,8
5939,2
5940,2
5941,8
5942,2
5943,3
5944,2
5945,3
5946,8
5947,3
5948,2
5949,6
5950,2
5951,3
5952,1
5953,2
5954,2
5955,9
5956,8
5957,6
5958,3
5959,8
5960,2
5961,2
5962,8
5963,3
5964,6
5965,3
5966,2
5967,3
5968,2
5969,8
5970,8
5971,6
5972,6
5973,6
5974,8
5975,8
5976,2
5977,6
5978,8
5979,3
5980,6
5981,2
5982,8
5983,8
5984,6
5985,2
5986,1
5987,8
5988,2
5989,3
5990,6
5991,8
5992,2
5993,2
5994,2
5995,6
5996,8
5997,3
5998,3
5999,2
6000,8
6001,8
6002,6
6003,3
6004,2
6005,2
6006,8
6007,6
6008,2
6009,6
6010,2
6011,8
6012,8
6013,6
6014,8
6015,8
6016,2
6017,1
6018,8
6019,3
6020,2
6021,6
6022,8
6023,3
6024,8
6025,8
6026,8
6027,2
6028,8
6029,2
6030,2
6031,3
6032,8
6033,8
6034,8
6035,2
6036,2
6037,8
6038,2
6039,8
6040,6
6041,2
6042,8
6043,2
6044,2
6045,6
6046,0
6047,2
6048,6
6049,6
6050,8
6051,8
6052,3
6053,6
6054,2
6055,8
6056,8
6057,3
6058,6
6059,8
6060,3
6061,8
6062,8
6063,2
6064,8
6065,3
6066,2
6067,2
6068,2
6069,6
6070,2
6071,8
6072,2
6073,6
6074,8
6075,8
6076,6
6077,2
6078,2
6079,6
6080,6
6081,2
6082,2
6083,8
6084,2
6085,3
6086,3
6087,3
6088,6
6089,8
6090,4
6091,3
6092,8
6093,2
6094,2
6095,6
6096,8
6097,2
6098,3
6099,2
6100,2
6101,8
6102,3
6103,2
6104,2
6105,6
6106,8
6107,3
6108,8
6109,8
6110,2
6111,8
6112,8
6113,2
6114,2
6115,3
6116,2
6117,3
6118,2
6119,8
6120,8
6121,8
6122,2
6123,2
6124,8
6125,3
6126,8
6127,6
6128,3
6129,6
6130,8
6131,1
6132,2
6133,8
6134,2
6135,3
6136,8
6137,2
6138,6
6139,3
6140,2
6141,8
6142,6
6143,8
6144,8
6145,6
6146,8
6147,2
6148,6
6149,2
6150,6
6151,8
6152,6
6153,3
6154,3
6155,3
6156,8
6157,6
6158,8
6159,8
6160,8
6161,2
6162,2
6163,8
6164,2
6165,8
6166,8
6167,8
6168,3
6169,3
6170,8
6171,8
6172,6
6173,6
6174,2
6175,8
6176,3
6177,6
6178,2
6179,8
6180,8
6181,6
6182,8
6183,8
6184,8
6185,8
6186,2
6187,8
6188,6
6189,8
6190,8
6191,3
6192,2
6193,8
6194,6
6195,3
6196,3
6197,6
6198,2
6199,3
6200,2
6201,3
6202,3
6203,2
6204,2
6205,2
6206,8
6207,2
6208,8
6209,6
6210,3
6211,6
6212,6
6213,6
6214,2
6215,2
6216,2
6217,2
6218,2
6219,3
6220,9
6221,2
6222,3
6223,2
6224,2
6225,2
6226,6
6227,2
6228,8
6229,8
6230,2
6231,8
6232,1
6233,8
6234,6
6235,6
6236,8
6237,8
6238,6
6239,6
6240,8
6241,2
6242,8
6243,3
6244,9
6245,3
6246,6
6247,2
6248,2
6249,2
6250,8
6251,2
6252,2
6253,2
6254,8
6255,2
6256,6
6257,2
6258,2
6259,2
6260,2
6261,6
6262,8
6263,8
6264,8
6265,8
6266,2
6267,6
6268,3
6269,8
6270,2
6271,2
6272,2
6273,2
6274,2
6275,6
6276,6
6277,2
6278,2
6279,2
6280,2
6281,6
6282,2
6283,8
6284,2
6285,0
6286,2
6287,8
6288,3
6289,8
6290,6
6291,3
6292,2
6293,8
6294,3
6295,2
6296,2
6297,6
6298,7
6299,6
6300,2
6301,6
6302,2
6303,2
6304,2
6305,3
6306,2
6307,8
6308,3
6309,2
6310,2
6311,8
6312,8
6313,1
6314,2
6315,8
6316,2
6317,3
6318,8
6319,6
6320,3
6321,2
6322,2
6323,3
6324,3
6325,2
6326,8
6327,2
6328,8
6329,2
6330,1
6331,2
6332,2
6333,2
6334,3
6335,2
6336,2
6337,6
6338,6
6339,2
6340,8
6341,8
6342,8
6343,6
6344,2
6345,8
6346,8
6347,6
6348,8
6349,8
6350,8
6351,6
6352,6
6353,6
6354,2
6355,3
6356,3
6357,8
6358,8
6359,2
6360,8
6361,6
6362,6
6363,2
6364,2
6365,3
6366,4
6367,8
6368,3
6369,6
6370,2
6371,2
6372,8
6373,6
6374,6
6375,3
6376,8
6377,8
6378,8
6379,8
6380,8
6381,6
6382,6
6383,6
6384,8
6385,3
6386,8
6387,2
6388,3
6389,3
6390,2
6391,3
6392,2
6393,8
6394,2
6395,4
6396,3
6397,8
6398,8
6399,8
6400,8
6401,3
6402,8
6403,8
6404,8
6405,8
6406,6
6407,8
6408,8
6409,6
6410,8
6411,2
6412,3
6413,4
6414,6
6415,2
6416,2
6417,2
6418,6
6419,3
6420,6
6421,8
6422,8
6423,2
6424,8
6425,3
6426,6
6427,8
6428,8
6429,2
6430,6
6431,8
6432,6
6433,2
6434,2
6435,2
6436,8
6437,4
6438,8
6439,8
6440,2
6441,2
6442,2
6443,6
6444,8
6445,3
6446,8
6447,8
6448,2
6449,8
6450,2
6451,2
6452,6
6453,6
6454,8
6455,6
6456,8
6457,8
6458,7
6459,8
6460,6
6461,2
6462,2
6463,6
6464,2
6465,6
6466,8
6467,8
6468,3
6469,2
6470,8
6471,2
6472,8
6473,3
6474,8
6475,8
6476,8
6477,6
6478,3
6479,2
6480,2
6481,6
6482,6
6483,2
6484,1
6485,8
6486,8
6487,6
6488,8
6489,8
6490,8
6491,2
6492,6
6493,3
6494,6
6495,8
6496,6
6497,3
6498,8
6499,2
6500,2
6501,2
6502,3
6503,8
6504,2
6505,8
6506,6
6507,8
6508,6
6509,2
6510,6
6511,2
6512,8
6513,8
6514,3
6515,8
6516,8
6517,3
6518,2
6519,2
6520,2
6521,2
6522,2
6523,2
6524,6
6525,2
6526,2
6527,3
6528,6
6529,8
6530,8
6531,6
6532,2
6533,8
6534,8
6535,2
6536,3
6537,2
6538,2
6539,8
6540,8
6541,8
6542,2
6543,6
6544,6
6545,2
6546,2
6547,6
6548,2
6549,2
6550,3
6551,2
6552,3
6553,8
6554,2
6555,6
6556,2
6557,2
6558,2
6559,8
6560,2
6561,8
6562,8
6563,2
6564,8
6565,3
6566,3
6567,8
6568,3
6569,3
6570,2
6571,8
6572,8
6573,6
6574,6
6575,3
6576,6
6577,6
6578,2
6579,6
6580,3
6581,2
6582,8
6583,8
6584,2
6585,8
6586,8
6587,6
6588,6
6589,6
6590,3
6591,3
6592,6
6593,3
6594,1
6595,2
6596,8
6597,8
6598,2
6599,2
6600,6
6601,2
6602,8
6603,2
6604,3
6605,3
6606,6
6607,8
6608,8
6609,8
6610,8
6611,8
6612,8
6613,2
6614,8
6615,6
6616,3
6617,2
6618,6
6619,2
6620,2
6621,2
6622,8
6623,8
6624,8
6625,0
6626,8
6627,8
6628,6
6629,8
6630,8
6631,8
6632,2
6633,3
6634,6
6635,2
6636,2
6637,8
6638,6
6639,8
6640,6
6641,8
6642,8
6643,8
6644,6
6645,8
6646,3
6647,6
6648,2
6649,8
6650,1
6651,8
6652,6
6653,8
6654,8
6655,3
6656,2
6657,6
6658,6
6659,2
6660,3
6661,8
6662,2
6663,8
6664,2
6665,8
6666,2
6667,9
6668,6
6669,8
6670,6
6671,6
6672,6
6673,2
6674,2
6675,2
6676,8
6677,3
6678,3
6679,8
6680,6
6681,2
6682,6
6683,8
6684,9
6685,8
6686,2
6687,2
6688,8
6689,8
6690,2
6691,6
6692,2
6693,6
6694,8
6695,2
6696,3
6697,6
6698,8
6699,2
6700,8
6701,8
6702,8
6703,8
6704,8
6705,2
6706,2
6707,1
6708,2
6709,2
6710,2
6711,8
6712,2
6713,8
6714,8
6715,8
6716,6
6717,2
6718,6
6719,2
6720,3
6721,3
6722,9
6723,2
6724,2
6725,2
6726,8
6727,6
6728,6
6729,4
6730,8
6731,6
6732,6
6733,2
6734,8
6735,2
6736,6
6737,2
6738,8
6739,6
6740,6
6741,2
6742,8
6743,2
6744,2
6745,8
6746,8
6747,8
6748,6
6749,8
6750,3
6751,3
6752,2
6753,0
6754,6
6755,2
6756,8
6757,6
6758,2
6759,6
6760,8
6761,2
6762,2
6763,2
6764,2
6765,8
6766,2
6767,6
6768,6
6769,2
6770,1
6771,8
6772,8
6773,2
6774,6
6775,8
6776,6
6777,2
6778,2
6779,2
6780,2
6781,2
6782,2
6783,2
6784,6
6785,8
6786,2
6787,6
6788,6
6789,8
6790,2
6791,8
6792,2
6793,2
6794,2
6795,6
6796,8
6797,2
6798,2
6799,3
6800,8
6801,4
6802,3
6803,2
6804,2
6805,3
6806,3
6807,6
6808,6
6809,2
6810,6
6811,6
6812,9
6813,8
6814,2
6815,6
6816,2
6817,6
6818,8
6819,6
6820,2
6821,3
6822,6
6823,8
6824,6
6825,6
6826,2
6827,6
6828,8
6829,6
6830,2
6831,8
6832,2
6833,8
6834,3
6835,2
6836,8
6837,2
6838,8
6839,6
6840,2
6841,3
6842,9
6843,6
6844,8
6845,3
6846,8
6847,8
6848,8
6849,2
6850,6
6851,8
6852,8
6853,9
6854,8
6855,8
6856,3
6857,8
6858,8
6859,8
6860,6
6861,6
6862,6
6863,8
6864,2
6865,2
6866,8
6867,2
6868,6
6869,8
6870,2
6871,8
6872,2
6873,3
6874,2
6875,6
6876,6
6877,2
6878,8
6879,2
6880,3
6881,3
6882,8
6883,2
6884,6
6885,3
6886,2
6887,8
6888,2
6889,3
6890,2
6891,8
6892,2
6893,8
6894,6
6895,3
6896,8
6897,6
6898,1
6899,6
6900,3
6901,3
6902,3
6903,8
6904,2
6905,8
6906,8
6907,6
6908,2
6909,2
6910,3
6911,2
6912,3
6913,6
6914,3
6915,2
6916,3
6917,3
6918,6
6919,6
6920,6
6921,8
6922,8
6923,6
6924,2
6925,8
6926,6
6927,3
6928,8
6929,6
6930,3
6931,2
6932,8
6933,2
6934,3
6935,6
6936,8
6937,8
6938,2
6939,3
6940,2
6941,2
6942,8
6943,6
6944,2
6945,2
6946,2
6947,6
6948,2
6949,8
6950,8
6951,3
6952,6
6953,2
6954,2
6955,3
6956,6
6957,8
6958,6
6959,2
6960,2
6961,8
6962,2
6963,9
6964,3
6965,6
6966,2
6967,8
6968,8
6969,3
6970,6
6971,3
6972,8
6973,3
6974,2
6975,8
6976,6
6977,6
6978,8
6979,6
6980,6
6981,2
6982,2
6983,3
6984,1
6985,8
6986,8
6987,2
6988,6
6989,8
6990,8
6991,2
6992,2
6993,8
6994,3
6995,8
6996,6
6997,6
6998,3
6999,8
7000,3
7001,6
7002,8
7003,2
7004,8
7005,2
7006,3
7007,8
7008,3
7009,6
7010,9
7011,8
7012,3
7013,2
7014,3
7015,3
7016,2
7017,8
7018,8
7019,2
7020,2
7021,6
7022,6
7023,2
7024,2
7025,8
7026,8
7027,3
7028,2
7029,2
7030,8
7031,2
7032,8
7033,2
7034,6
7035,6
7036,2
7037,3
7038,8
7039,2
7040,3
7041,8
7042,6
7043,2
7044,2
7045,6
7046,2
7047,2
7048,8
7049,3
7050,8
7051,6
7052,8
7053,8
7054,8
7055,2
7056,8
7057,8
7058,8
7059,6
7060,2
7061,2
7062,2
7063,6
7064,3
7065,2
7066,3
7067,8
7068,2
7069,2
7070,8
7071,6
7072,6
7073,6
7074,8
7075,2
7076,8
7077,6
7078,3
7079,3
7080,2
7081,8
7082,6
7083,2
7084,6
7085,8
7086,8
7087,2
7088,8
7089,8
7090,2
7091,6
7092,2
7093,3
7094,6
7095,8
7096,3
7097,8
7098,6
7099,3
7100,2
7101,3
7102,8
7103,2
7104,8
7105,2
7106,8
7107,8
7108,8
7109,3
7110,3
7111,6
7112,6
7113,2
7114,8
7115,2
7116,6
7117,2
7118,0
7119,8
7120,8
7121,8
7122,8
7123,8
7124,3
7125,6
7126,1
7127,2
7128,2
7129,8
7130,6
7131,6
7132,3
7133,8
7134,6
7135,2
7136,2
7137,3
7138,8
7139,3
7140,2
7141,6
7142,8
7143,6
7144,8
7145,6
7146,6
7147,2
7148,6
7149,6
7150,2
7151,6
7152,2
7153,6
7154,2
7155,2
7156,2
7157,8
7158,2
7159,3
7160,2
7161,1
7162,8
7163,6
7164,2
7165,3
7166,6
7167,6
7168,8
7169,2
7170,8
7171,8
7172,6
7173,2
7174,7
7175,6
7176,3
7177,6
7178,2
7179,8
7180,8
7181,3
7182,2
7183,6
7184,1
7185,2
7186,3
7187,8
7188,6
7189,8
7190,2
7191,8
7192,8
7193,2
7194,8
7195,2
7196,8
7197,2
7198,3
7199,2
7200,8
7201,6
7202,8
7203,6
7204,8
7205,8
7206,6
7207,3
7208,6
7209,3
7210,2
7211,8
7212,2
7213,6
7214,3
7215,3
7216,6
7217,3
7218,6
7219,8
7220,2
7221,2
7222,2
7223,3
7224,8
7225,3
7226,3
7227,2
7228,8
7229,8
7230,6
7231,6
7232,8
7233,2
7234,8
7235,2
7236,8
7237,2
7238,2
7239,8
7240,2
7241,8
7242,2
7243,2
7244,3
7245,2
7246,6
7247,6
7248,2
7249,3
7250,2
7251,3
7252,3
7253,8
7254,6
7255,6
7256,6
7257,6
7258,2
7259,8
7260,8
7261,8
7262,2
7263,8
7264,8
7265,8
7266,2
7267,2
7268,3
7269,3
7270,6
7271,3
7272,8
7273,8
7274,8
7275,8
7276,9
7277,8
7278,8
7279,3
7280,3
7281,2
7282,8
7283,8
7284,2
7285,3
7286,6
7287,8
7288,3
7289,8
7290,2
7291,6
7292,2
7293,6
7294,8
7295,2
7296,2
7297,6
7298,3
7299,2
7300,2
7301,2
7302,8
7303,6
7304,2
7305,2
7306,8
7307,6
7308,6
7309,8
7310,8
7311,2
7312,6
7313,8
7314,6
7315,8
7316,8
7317,2
7318,2
7319,2
7320,6
7321,8
7322,2
7323,8
7324,2
7325,2
7326,3
7327,2
7328,8
7329,3
7330,6
7331,8
7332,8
7333,3
7334,8
7335,8
7336,8
7337,2
7338,6
7339,2
7340,8
7341,6
7342,8
7343,2
7344,2
7345,8
7346,6
7347,8
7348,8
7349,2
7350,8
7351,8
7352,8
7353,2
7354,6
7355,6
7356,2
7357,6
7358,2
7359,2
7360,3
7361,3
7362,8
7363,6
7364,2
7365,2
7366,8
7367,2
7368,8
7369,3
7370,8
7371,8
7372,2
7373,8
7374,2
7375,6
7376,6
7377,2
7378,2
7379,8
7380,8
7381,8
7382,8
7383,2
7384,3
7385,6
7386,2
7387,8
7388,3
7389,2
7390,3
7391,3
7392,6
7393,2
7394,9
7395,3
7396,8
7397,8
7398,8
7399,6
7400,2
7401,6
7402,6
7403,2
7404,2
7405,8
7406,8
7407,6
7408,8
7409,3
7410,6
7411,2
7412,8
7413,8
7414,8
7415,1
7416,6
7417,3
7418,9
7419,6
7420,2
7421,6
7422,2
7423,2
7424,6
7425,8
7426,3
7427,2
7428,8
7429,3
7430,6
7431,6
7432,3
7433,2
7434,8
7435,8
7436,3
7437,8
7438,2
7439,3
7440,8
7441,2
7442,8
7443,3
7444,2
7445,3
7446,8
7447,2
7448,8
7449,8
7450,8
7451,6
7452,2
7453,2
7454,6
7455,8
7456,8
7457,2
7458,3
7459,6
7460,6
7461,8
7462,3
7463,0
7464,2
7465,6
7466,2
7467,0
7468,3
7469,8
7470,2
7471,6
7472,2
7473,6
7474,2
7475,8
7476,3
7477,8
7478,8
7479,2
7480,8
7481,8
7482,3
7483,3
7484,6
7485,8
7486,6
7487,8
7488,8
7489,8
7490,8
7491,8
7492,8
7493,2
7494,3
7495,8
7496,8
7497,2
7498,6
7499,6
7500,8
7501,3
7502,3
7503,3
7504,2
7505,3
7506,2
7507,8
7508,6
7509,3
7510,2
7511,2
7512,8
7513,2
7514,6
7515,3
7516,6
7517,2
7518,8
7519,2
7520,2
7521,2
7522,8
7523,2
7524,6
7525,8
7526,2
7527,6
7528,2
7529,8
7530,3
7531,3
7532,2
7533,8
7534,2
7535,8
7536,2
7537,2
7538,2
7539,8
7540,3
7541,2
7542,6
7543,8
7544,8
7545,8
7546,2
7547,6
7548,6
7549,2
7550,2
7551,2
7552,6
7553,2
7554,6
7555,2
7556,2
7557,2
7558,2
7559,2
7560,2
7561,8
7562,8
7563,6
7564,2
7565,8
7566,3
7567,8
7568,3
7569,8
7570,6
7571,6
7572,1
7573,6
7574,8
7575,6
7576,2
7577,6
7578,8
7579,2
7580,8
7581,8
7582,3
7583,2
7584,6
7585,6
7586,8
7587,2
7588,8
7589,8
7590,2
7591,6
7592,2
7593,2
7594,2
7595,2
7596,3
7597,6
7598,6
7599,8
7600,2
7601,6
7602,6
7603,2
7604,8
7605,2
7606,8
7607,6
7608,3
7609,3
7610,2
7611,2
7612,8
7613,2
7614,6
7615,6
7616,6
7617,8
7618,8
7619,8
7620,8
7621,0
7622,3
7623,3
7624,2
7625,8
7626,3
7627,6
7628,2
7629,8
7630,2
7631,8
7632,2
7633,2
7634,8
7635,8
7636,8
7637,2
7638,6
7639,3
7640,2
7641,6
7642,2
7643,3
7644,6
7645,8
7646,6
7647,2
7648,6
7649,6
7650,8
7651,2
7652,8
7653,8
7654,6
7655,3
7656,2
7657,6
7658,8
7659,8
7660,2
7661,2
7662,2
7663,2
7664,2
7665,2
7666,2
7667,6
7668,8
7669,2
7670,2
7671,2
7672,8
7673,6
7674,8
7675,8
7676,8
7677,8
7678,8
7679,2
7680,2
7681,8
7682,2
7683,2
7684,8
7685,1
7686,1
7687,6
7688,2
7689,8
7690,2
7691,8
7692,8
7693,2
7694,8
7695,2
7696,6
7697,6
7698,6
7699,2
7700,8
7701,8
7702,6
7703,2
7704,2
7705,8
7706,2
7707,6
7708,6
7709,6
7710,8
7711,3
7712,6
7713,6
7714,6
7715,2
7716,3
7717,6
7718,8
7719,8
7720,8
7721,8
7722,2
7723,8
7724,2
7725,8
7726,2
7727,6
7728,8
7729,8
7730,3
7731,3
7732,2
7733,6
7734,3
7735,3
7736,2
7737,2
7738,3
7739,3
7740,3
7741,8
7742,0
7743,6
7744,3
7745,8
7746,6
7747,3
7748,6
7749,2
7750,2
7751,8
7752,6
7753,2
7754,8
7755,2
7756,3
7757,6
7758,2
7759,2
7760,2
7761,2
7762,8
7763,8
7764,2
7765,2
7766,6
7767,8
7768,8
7769,3
7770,3
7771,6
7772,6
7773,6
7774,2
7775,2
7776,6
7777,3
7778,6
7779,8
7780,3
7781,8
7782,2
7783,2
7784,8
7785,3
7786,2
7787,2
7788,8
7789,8
7790,8
7791,8
7792,6
7793,2
7794,6
7795,2
7796,8
7797,3
7798,2
7799,8
7800,2
7801,8
7802,6
7803,6
7804,2
7805,8
7806,2
7807,6
7808,8
7809,2
7810,3
7811,3
7812,8
7813,2
7814,2
7815,2
7816,3
7817,6
7818,2
7819,8
7820,8
7821,2
7822,3
7823,6
7824,8
7825,3
7826,2
7827,2
7828,8
7829,8
7830,4
7831,6
7832,6
7833,2
7834,3
7835,8
7836,3
7837,6
7838,2
7839,2
7840,2
7841,3
7842,3
7843,6
7844,2
7845,2
7846,2
7847,6
7848,2
7849,2
7850,8
7851,8
7852,3
7853,2
7854,8
7855,4
7856,2
7857,8
7858,8
7859,8
7860,2
7861,3
7862,6
7863,8
7864,8
7865,8
7866,6
7867,8
7868,2
7869,1
7870,3
7871,6
7872,2
7873,2
7874,2
7875,3
7876,1
7877,6
7878,8
7879,2
7880,3
7881,2
7882,2
7883,8
7884,8
7885,2
7886,8
7887,2
7888,8
7889,3
7890,8
7891,8
7892,8
7893,6
7894,6
7895,2
7896,6
7897,8
7898,1
7899,6
7900,2
7901,8
7902,3
7903,6
7904,8
7905,8
7906,3
7907,3
7908,2
7909,6
7910,2
7911,8
7912,3
7913,2
7914,8
7915,2
7916,2
7917,3
7918,8
7919,3
7920,3
7921,8
7922,2
7923,3
7924,8
7925,8
7926,2
7927,6
7928,0
7929,8
7930,2
7931,2
7932,2
7933,3
7934,8
7935,6
7936,6
7937,6
7938,6
7939,2
7940,6
7941,2
7942,8
7943,8
7944,6
7945,2
7946,3
7947,8
7948,8
7949,8
7950,2
7951,2
7952,8
7953,2
7954,2
7955,2
7956,6
7957,6
7958,8
7959,8
7960,2
7961,3
7962,8
7963,8
7964,8
7965,2
7966,2
7967,3
7968,2
7969,2
7970,0
7971,8
7972,8
7973,2
7974,8
7975,6
7976,3
7977,6
7978,8
7979,3
7980,6
7981,6
7982,2
7983,3
7984,9
7985,8
7986,2
7987,8
7988,6
7989,2
7990,6
7991,3
7992,2
7993,6
7994,0
7995,2
7996,3
7997,6
7998,3
7999,2
8000,8
8001,8
8002,8
8003,8
8004,2
8005,3
8006,8
8007,0
8008,2
8009,2
8010,4
8011,2
8012,6
8013,6
8014,2
8015,6
8016,8
8017,2
8018,3
8019,6
8020,6
8021,6
8022,8
8023,8
8024,3
8025,6
8026,3
8027,6
8028,6
8029,8
8030,8
8031,4
8032,2
8033,6
8034,2
8035,2
8036,6
8037,6
8038,8
8039,2
8040,8
8041,6
8042,2
8043,2
8044,6
8045,2
8046,6
8047,3
8048,3
8049,8
8050,6
8051,2
8052,2
8053,3
8054,8
8055,8
8056,3
8057,2
8058,8
8059,6
8060,6
8061,3
8062,6
8063,2
8064,2
8065,2
8066,6
8067,8
8068,0
8069,9
8070,9
8071,8
8072,8
8073,8
8074,2
8075,3
8076,6
8077,8
8078,2
8079,3
8080,8
8081,2
8082,2
8083,6
8084,6
8085,2
8086,6
8087,3
8088,6
8089,6
8090,8
8091,6
8092,2
8093,2
8094,8
8095,8
8096,2
8097,1
8098,8
8099,2
8100,8
8101,8
8102,8
8103,6
8104,2
8105,8
8106,8
8107,8
8108,8
8109,6
8110,8
8111,8
8112,8
8113,6
8114,8
8115,2
8116,3
8117,2
8118,8
8119,6
8120,6
8121,8
8122,8
8123,3
8124,8
8125,8
8126,2
8127,6
8128,2
8129,2
8130,2
8131,8
8132,9
8133,8
8134,2
8135,6
8136,6
8137,3
8138,2
8139,8
8140,6
8141,3
8142,8
8143,2
8144,8
8145,6
8146,3
8147,2
8148,2
8149,2
8150,2
8151,3
8152,8
8153,6
8154,2
8155,6
8156,8
8157,2
8158,6
8159,6
8160,8
8161,8
8162,8
8163,8
8164,2
8165,2
8166,6
8167,3
8168,2
8169,6
8170,3
8171,3
8172,2
8173,4
8174,8
8175,8
8176,8
8177,8
8178,6
8179,8
8180,6
8181,3
8182,6
8183,8
8184,3
8185,2
8186,8
8187,8
8188,8
8189,2
8190,8
8191,6
8192,8
8193,8
8194,8
8195,2
8196,8
8197,8
8198,3
8199,2
8200,6
8201,6
8202,2
8203,8
8204,8
8205,3
8206,3
8207,8
8208,8
8209,8
8210,3
8211,8
8212,3
8213,6
8214,2
8215,2
8216,2
8217,3
8218,2
8219,2
8220,8
8221,3
8222,2
8223,8
8224,2
8225,6
8226,2
8227,2
8228,2
8229,8
8230,3
8231,2
8232,2
8233,3
8234,3
8235,3
8236,2
8237,8
8238,8
8239,6
8240,2
8241,6
8242,3
8243,3
8244,9
8245,3
8246,8
8247,8
8248,2
8249,2
8250,2
8251,8
8252,2
8253,3
8254,6
8255,8
8256,2
8257,6
8258,8
8259,8
8260,8
8261,2
8262,6
8263,1
8264,8
8265,3
8266,8
8267,8
8268,1
8269,3
8270,3
8271,3
8272,6
8273,0
8274,2
8275,2
8276,8
8277,4
8278,6
8279,2
8280,6
8281,2
8282,2
8283,8
8284,3
8285,8
8286,6
8287,8
8288,2
8289,8
8290,3
8291,8
8292,3
8293,8
8294,8
8295,8
8296,2
8297,2
8298,8
8299,6
8300,3
8301,2
8302,2
8303,8
8304,2
8305,8
8306,2
8307,8
8308,8
8309,6
8310,2
8311,2
8312,8
8313,6
8314,6
8315,0
8316,3
8317,2
8318,2
8319,8
8320,6
8321,3
8322,8
8323,2
8324,8
8325,8
8326,7
8327,8
8328,6
8329,3
8330,2
8331,6
8332,3
8333,8
8334,8
8335,2
8336,8
8337,2
8338,8
8339,2
8340,3
8341,2
8342,8
8343,2
8344,8
8345,6
8346,6
8347,2
8348,2
8349,3
8350,2
8351,6
8352,8
8353,3
8354,6
8355,3
8356,6
8357,8
8358,3
8359,9
8360,8
8361,2
8362,8
8363,8
8364,6
8365,8
8366,3
8367,3
8368,2
8369,6
8370,8
8371,8
8372,8
8373,8
8374,8
8375,8
8376,6
8377,2
8378,2
8379,3
8380,3
8381,2
8382,8
8383,2
8384,8
8385,3
8386,8
8387,8
8388,2
8389,3
8390,2
8391,2
8392,8
8393,8
8394,2
8395,6
8396,8
8397,3
8398,8
8399,2
8400,8
8401,2
8402,8
8403,3
8404,2
8405,6
8406,6
8407,8
8408,8
8409,2
8410,2
8411,8
8412,2
8413,3
8414,8
8415,8
8416,8
8417,8
8418,2
8419,2
8420,6
8421,2
8422,2
8423,6
8424,3
8425,2
8426,2
8427,6
8428,8
8429,6
8430,8
8431,8
8432,3
8433,2
8434,8
8435,0
8436,6
8437,8
8438,8
8439,6
8440,6
8441,8
8442,8
8443,3
8444,8
8445,8
8446,2
8447,6
8448,8
8449,3
8450,3
8451,8
8452,2
8453,2
8454,3
8455,8
8456,2
8457,6
8458,6
8459,2
8460,8
8461,8
8462,8
8463,8
8464,6
8465,8
8466,2
8467,2
8468,6
8469,6
8470,2
8471,2
8472,2
8473,8
8474,8
8475,2
8476,8
8477,2
8478,2
8479,3
8480,6
8481,8
8482,3
8483,8
8484,2
8485,6
8486,2
8487,3
8488,2
8489,3
8490,6
8491,2
8492,6
8493,8
8494,6
8495,4
8496,8
8497,8
8498,9
8499,6
8500,8
8501,2
8502,8
8503,8
8504,2
8505,6
8506,6
8507,2
8508,2
8509,8
8510,3
8511,3
8512,6
8513,8
8514,8
8515,6
8516,3
8517,8
8518,8
8519,3
8520,8
8521,8
8522,8
8523,4
8524,2
8525,6
8526,2
8527,8
8528,6
8529,6
8530,6
8531,2
8532,8
8533,2
8534,1
8535,3
8536,6
8537,3
8538,2
8539,6
8540,2
8541,3
8542,8
8543,2
8544,8
8545,2
8546,0
8547,2
8548,2
8549,8
8550,2
8551,8
8552,8
8553,8
8554,2
8555,8
8556,0
8557,2
8558,6
8559,8
8560,8
8561,8
8562,2
8563,3
8564,2
8565,8
8566,3
8567,2
8568,8
8569,2
8570,8
8571,8
8572,8
8573,3
8574,6
8575,8
8576,8
8577,8
8578,8
8579,2
8580,8
8581,6
8582,6
8583,2
8584,3
8585,2
8586,6
8587,8
8588,2
8589,8
8590,3
8591,3
8592,8
8593,8
8594,2
8595,2
8596,2
8597,8
8598,3
8599,8
8600,2
8601,3
8602,3
8603,6
8604,8
8605,2
8606,6
8607,8
8608,3
8609,6
8610,3
8611,8
8612,2
8613,2
8614,7
8615,8
8616,8
8617,2
8618,2
8619,3
8620,2
8621,8
8622,8
8623,8
8624,2
8625,6
8626,2
8627,3
8628,8
8629,8
8630,3
8631,8
8632,8
8633,8
8634,2
8635,3
8636,6
8637,3
8638,2
8639,8
8640,2
8641,2
8642,3
8643,8
8644,2
8645,8
8646,2
8647,8
8648,6
8649,2
8650,3
8651,6
8652,2
8653,2
8654,6
8655,6
8656,2
8657,6
8658,8
8659,3
8660,2
8661,8
8662,6
8663,8
8664,2
8665,8
8666,8
8667,3
8668,3
8669,8
8670,2
8671,2
8672,3
8673,2
8674,2
8675,6
8676,8
8677,2
8678,3
8679,2
8680,6
8681,8
8682,2
8683,6
8684,6
8685,6
8686,1
8687,6
8688,2
8689,3
8690,3
8691,3
8692,2
8693,8
8694,8
8695,2
8696,8
8697,2
8698,2
8699,8
8700,2
8701,8
8702,9
8703,8
8704,8
8705,3
8706,3
8707,2
8708,2
8709,2
8710,2
8711,8
8712,2
8713,8
8714,3
8715,3
8716,3
8717,8
8718,2
8719,3
8720,2
8721,8
8722,3
8723,8
8724,6
8725,0
8726,2
8727,3
8728,3
8729,8
8730,2
8731,6
8732,6
8733,8
8734,8
8735,6
8736,8
8737,8
8738,6
8739,3
8740,6
8741,3
8742,6
8743,3
8744,3
8745,2
8746,2
8747,8
8748,8
8749,6
8750,6
8751,8
8752,2
8753,6
8754,6
8755,2
8756,6
8757,6
8758,2
8759,8
8760,3
8761,8
8762,2
8763,6
8764,2
8765,8
8766,8
8767,8
8768,2
8769,3
8770,3
8771,8
8772,8
8773,3
8774,2
8775,6
8776,8
8777,2
8778,2
8779,6
8780,2
8781,3
8782,2
8783,6
8784,8
8785,8
8786,2
8787,8
8788,6
8789,8
8790,2
8791,6
8792,2
8793,8
8794,8
8795,8
8796,6
8797,8
8798,8
8799,8
8800,8
8801,2
8802,6
8803,6
8804,8
8805,8
8806,2
8807,3
8808,6
8809,2
8810,6
8811,8
8812,2
8813,6
8814,8
8815,2
8816,2
8817,3
8818,2
8819,2
8820,6
8821,8
8822,8
8823,8
8824,2
8825,6
8826,2
8827,8
8828,6
8829,8
8830,6
8831,8
8832,8
8833,8
8834,2
8835,3
8836,2
8837,8
8838,1
8839,3
8840,2
8841,8
8842,2
8843,8
8844,2
8845,6
8846,6
8847,3
8848,2
8849,6
8850,2
8851,8
8852,8
8853,2
8854,6
8855,2
8856,2
8857,2
8858,8
8859,6
8860,2
8861,8
8862,8
8863,6
8864,8
8865,6
8866,2
8867,2
8868,7
8869,8
8870,8
8871,6
8872,8
8873,8
8874,2
8875,2
8876,8
8877,8
8878,2
8879,8
8880,6
8881,6
8882,6
8883,8
8884,2
8885,6
8886,8
8887,9
8888,2
8889,2
8890,3
8891,8
8892,2
8893,6
8894,8
8895,3
8896,2
8897,2
8898,8
8899,2
8900,8
8901,2
8902,8
8903,6
8904,2
8905,8
8906,8
8907,6
8908,8
8909,6
8910,3
8911,2
8912,0
8913,2
8914,1
8915,2
8916,8
8917,6
8918,9
8919,8
8920,9
8921,3
8922,3
8923,2
8924,8
8925,8
8926,2
8927,8
8928,2
8929,2
8930,2
8931,2
8932,6
8933,2
8934,3
8935,8
8936,2
8937,6
8938,8
8939,2
8940,3
8941,3
8942,2
8943,6
8944,2
8945,6
8946,6
8947,8
8948,6
8949,8
8950,8
8951,6
8952,2
8953,8
8954,2
8955,2
8956,8
8957,8
8958,2
8959,3
8960,3
8961,8
8962,6
8963,8
8964,2
8965,8
8966,3
8967,8
8968,8
8969,2
8970,2
8971,6
8972,6
8973,8
8974,3
8975,8
8976,3
8977,2
8978,6
8979,8
8980,3
8981,6
8982,8
8983,2
8984,3
8985,8
8986,8
8987,8
8988,6
8989,8
8990,6
8991,2
8992,2
8993,3
8994,8
8995,8
8996,2
8997,8
8998,3
8999,3
9000,2
9001,8
9002,8
9003,3
9004,2
9005,6
9006,8
9007,8
9008,2
9009,2
9010,8
9011,2
9012,2
9013,2
9014,8
9015,6
9016,2
9017,2
9018,2
9019,6
9020,2
9021,2
9022,8
9023,0
9024,6
9025,2
9026,6
9027,2
9028,8
9029,2
9030,3
9031,2
9032,2
9033,2
9034,6
9035,2
9036,6
9037,2
9038,8
9039,6
9040,3
9041,8
9042,6
9043,2
9044,6
9045,3
9046,8
9047,2
9048,2
9049,2
9050,6
9051,2
9052,2
9053,8
9054,2
9055,3
9056,3
9057,8
9058,2
9059,2
9060,6
9061,8
9062,8
9063,3
9064,8
9065,8
9066,6
9067,3
9068,2
9069,2
9070,6
9071,8
9072,8
9073,8
9074,2
9075,2
9076,8
9077,8
9078,6
9079,3
9080,8
9081,8
9082,6
9083,2
9084,2
9085,3
9086,3
9087,2
9088,2
9089,2
9090,3
9091,8
9092,2
9093,6
9094,2
9095,3
9096,8
9097,2
9098,9
9099,2
9100,3
9101,2
9102,2
9103,8
9104,2
9105,2
9106,8
9107,6
9108,8
9109,8
9110,2
9111,2
9112,6
9113,3
9114,2
9115,3
9116,6
9117,8
9118,3
9119,3
9120,6
9121,2
9122,2
9123,6
9124,8
9125,8
9126,6
9127,2
9128,2
9129,2
9130,8
9131,6
9132,6
9133,8
9134,6
9135,8
9136,3
9137,3
9138,2
9139,6
9140,2
9141,2
9142,2
9143,2
9144,2
9145,2
9146,8
9147,6
9148,2
9149,2
9150,8
9151,2
9152,8
9153,2
9154,8
9155,8
9156,2
9157,6
9158,6
9159,2
9160,2
9161,8
9162,8
9163,2
9164,6
9165,6
9166,2
9167,6
9168,6
9169,3
9170,8
9171,2
9172,8
9173,2
9174,8
9175,9
9176,6
9177,8
9178,2
9179,6
9180,2
9181,3
9182,3
9183,6
9184,2
9185,2
9186,6
9187,2
9188,9
9189,2
9190,2
9191,8
9192,6
9193,6
9194,6
9195,3
9196,6
9197,3
9198,8
9199,7
9200,8
9201,9
9202,6
9203,6
9204,6
9205,8
9206,8
9207,8
9208,2
9209,3
9210,2
9211,8
9212,3
9213,3
9214,3
9215,2
9216,2
9217,8
9218,2
9219,6
9220,2
9221,6
9222,3
9223,8
9224,2
9225,2
9226,8
9227,8
9228,6
9229,8
9230,3
9231,2
9232,2
9233,3
9234,8
9235,2
9236,2
9237,3
9238,6
9239,3
9240,3
9241,3
9242,0
9243,3
9244,6
9245,8
9246,8
9247,6
9248,8
9249,8
9250,2
9251,8
9252,8
9253,6
9254,8
9255,8
9256,6
9257,2
9258,6
9259,8
9260,8
9261,3
9262,8
9263,8
9264,9
9265,8
9266,2
9267,2
9268,8
9269,8
9270,2
9271,2
9272,8
9273,6
9274,2
9275,2
9276,8
9277,3
9278,8
9279,8
9280,6
9281,6
9282,2
9283,2
9284,8
9285,6
9286,6
9287,6
9288,2
9289,6
9290,2
9291,2
9292,3
9293,8
9294,2
9295,6
9296,2
9297,6
9298,2
9299,6
9300,2
9301,2
9302,3
9303,2
9304,2
9305,8
9306,8
9307,3
9308,6
9309,2
9310,2
9311,2
9312,3
9313,6
9314,8
9315,2
9316,8
9317,2
9318,8
9319,8
9320,8
9321,3
9322,8
9323,2
9324,8
9325,2
9326,3
9327,8
9328,3
9329,2
9330,6
9331,8
9332,2
9333,2
9334,8
9335,7
9336,8
9337,8
9338,6
9339,8
9340,8
9341,8
9342,2
9343,9
9344,8
9345,2
9346,9
9347,8
9348,8
9349,6
9350,8
9351,6
9352,3
9353,8
9354,8
9355,8
9356,2
9357,2
9358,8
9359,2
9360,2
9361,2
9362,6
9363,6
9364,8
9365,8
9366,8
9367,8
9368,2
9369,3
9370,3
9371,8
9372,8
9373,6
9374,8
9375,3
9376,8
9377,3
9378,2
9379,8
9380,3
9381,6
9382,2
9383,8
9384,2
9385,6
9386,8
9387,3
9388,6
9389,2
9390,8
9391,2
9392,2
9393,6
9394,2
9395,2
9396,3
9397,2
9398,0
9399,2
9400,2
9401,8
9402,8
9403,2
9404,0
9405,2
9406,8
9407,8
9408,8
9409,6
9410,2
9411,8
9412,8
9413,3
9414,2
9415,2
9416,6
9417,2
9418,8
9419,3
9420,6
9421,7
9422,8
9423,6
9424,6
9425,2
9426,2
9427,2
9428,3
9429,2
9430,6
9431,8
9432,8
9433,6
9434,2
9435,2
9436,8
9437,8
9438,8
9439,8
9440,6
9441,3
9442,3
9443,6
9444,3
9445,8
9446,8
9447,3
9448,3
9449,8
9450,6
9451,2
9452,3
9453,6
9454,6
9455,3
9456,8
9457,8
9458,9
9459,2
9460,6
9461,2
9462,8
9463,3
9464,8
9465,3
9466,8
9467,2
9468,8
9469,6
9470,6
9471,8
9472,2
9473,8
9474,8
9475,2
9476,3
9477,3
9478,2
9479,6
9480,6
9481,6
9482,2
9483,8
9484,2
9485,8
9486,2
9487,8
9488,6
9489,8
9490,6
9491,2
9492,2
9493,2
9494,8
9495,8
9496,6
9497,2
9498,2
9499,8
9500,2
9501,6
9502,2
9503,2
9504,2
9505,6
9506,8
9507,2
9508,2
9509,6
9510,8
9511,3
9512,8
9513,3
9514,2
9515,2
9516,3
9517,2
9518,6
9519,9
9520,8
9521,8
9522,2
9523,6
9524,6
9525,8
9526,2
9527,8
9528,2
9529,8
9530,2
9531,6
9532,2
9533,3
9534,8
9535,6
9536,6
9537,6
9538,2
9539,8
9540,2
9541,8
9542,2
9543,6
9544,2
9545,6
9546,3
9547,2
9548,1
9549,2
9550,8
9551,3
9552,8
9553,8
9554,2
9555,8
9556,3
9557,2
9558,8
9559,6
9560,8
9561,2
9562,6
9563,8
9564,3
9565,2
9566,2
9567,2
9568,3
9569,3
9570,9
9571,6
9572,8
9573,2
9574,2
9575,6
9576,8
9577,2
9578,2
9579,6
9580,8
9581,8
9582,6
9583,6
9584,3
9585,6
9586,6
9587,6
9588,8
9589,2
9590,2
9591,8
9592,2
9593,8
9594,3
9595,3
9596,8
9597,6
9598,8
9599,6
9600,1
9601,2
9602,2
9603,8
9604,2
9605,3
9606,8
9607,2
9608,2
9609,2
9610,2
9611,2
9612,8
9613,2
9614,6
9615,8
9616,6
9617,6
9618,8
9619,2
9620,3
9621,2
9622,2
9623,3
9624,2
9625,8
9626,6
9627,8
9628,3
9629,2
9630,8
9631,2
9632,2
9633,6
9634,3
9635,6
9636,8
9637,2
9638,2
9639,6
9640,2
9641,6
9642,2
9643,8
9644,8
9645,2
9646,2
9647,8
9648,3
9649,3
9650,3
9651,8
9652,8
9653,3
9654,2
9655,8
9656,2
9657,8
9658,2
9659,3
9660,3
9661,2
9662,8
9663,8
9664,2
9665,2
9666,8
9667,3
9668,3
9669,8
9670,2
9671,2
9672,2
9673,8
9674,6
9675,2
9676,8
9677,8
9678,2
9679,6
9680,8
9681,2
9682,6
9683,3
9684,8
9685,2
9686,2
9687,8
9688,3
9689,8
9690,6
9691,6
9692,8
9693,8
9694,3
9695,2
9696,2
9697,3
9698,3
9699,6
9700,8
9701,6
9702,8
9703,2
9704,8
9705,8
9706,2
9707,8
9708,8
9709,2
9710,8
9711,8
9712,8
9713,2
9714,3
9715,2
9716,2
9717,2
9718,2
9719,6
9720,6
9721,6
9722,8
9723,8
9724,6
9725,8
9726,2
9727,9
9728,8
9729,8
9730,3
9731,2
9732,3
9733,2
9734,2
9735,6
9736,8
9737,3
9738,8
9739,2
9740,6
9741,2
9742,2
9743,0
9744,6
9745,8
9746,8
9747,8
9748,8
9749,8
9750,3
9751,6
9752,8
9753,8
9754,2
9755,8
9756,8
9757,8
9758,6
9759,8
9760,8
9761,2
9762,2
9763,8
9764,8
9765,6
9766,2
9767,6
9768,3
9769,3
9770,2
9771,8
9772,2
9773,2
9774,3
9775,6
9776,6
9777,2
9778,6
9779,2
9780,6
9781,8
9782,2
9783,8
9784,3
9785,2
9786,3
9787,3
9788,8
9789,6
9790,6
9791,2
9792,2
9793,2
9794,6
9795,3
9796,2
9797,8
9798,8
9799,2
9800,2
9801,6
9802,2
9803,6
9804,8
9805,3
9806,3
9807,2
9808,2
9809,2
9810,2
9811,2
9812,8
9813,6
9814,6
9815,8
9816,6
9817,8
9818,2
9819,9
9820,2
9821,4
9822,6
9823,2
9824,8
9825,6
9826,3
9827,8
9828,8
9829,2
9830,8
9831,8
9832,8
9833,9
9834,8
9835,3
9836,2
9837,3
9838,6
9839,6
9840,2
9841,2
9842,2
9843,3
9844,3
9845,3
9846,8
9847,2
9848,2
9849,2
9850,2
9851,3
9852,2
9853,8
9854,8
9855,2
9856,2
9857,6
9858,6
9859,2
9860,3
9861,6
9862,9
9863,2
9864,6
9865,8
9866,2
9867,6
9868,8
9869,2
9870,8
9871,8
9872,8
9873,2
9874,8
9875,8
9876,8
9877,2
9878,6
9879,6
9880,2
9881,6
9882,2
9883,2
9884,2
9885,8
9886,6
9887,8
9888,2
9889,8
9890,8
9891,8
9892,2
9893,2
9894,3
9895,8
9896,3
9897,8
9898,2
9899,2
9900,2
9901,9
9902,2
9903,3
9904,6
9905,8
9906,2
9907,8
9908,8
9909,3
9910,6
9911,3
9912,8
9913,2
9914,8
9915,2
9916,2
9917,2
9918,2
9919,8
9920,3
9921,2
9922,6
9923,1
9924,2
9925,3
9926,3
9927,8
9928,6
9929,3
9930,3
9931,2
9932,2
9933,8
9934,8
9935,2
9936,2
9937,6
9938,8
9939,2
9940,3
9941,2
9942,2
9943,6
9944,2
9945,8
9946,3
9947,6
9948,2
9949,6
9950,3
9951,8
9952,2
9953,2
9954,6
9955,2
9956,6
9957,3
9958,6
9959,2
9960,8
9961,6
9962,6
9963,8
9964,2
9965,8
9966,6
9967,7
9968,2
9969,6
9970,8
9971,8
9972,6
9973,8
9974,8
9975,6
9976,8
9977,2
9978,3
9979,2
9980,2
9981,3
9982,8
9983,6
9984,6
9985,8
9986,8
9987,2
9988,8
9989,8
9990,8
9991,8
9992,2
9993,2
9994,8
9995,8
9996,8
9997,3
9998,3
9999,8
